PLAYER_ID,PLAYER_NAME,TEAM_ID,OPPONENT_TEAM_ID,GAME_DATE,SEASON_GAMES_PLAYED,FP_ROLLING_10,PREDICTED_DELTA,ML_PREDICTION,RANK
1641705,Victor Wembanyama,1610612759,OKC,2026-10-20,0.0,64.5,-12.562726594240637,51.93727340575936,1
203954,Joel Embiid,1610612755,NYK,2026-10-20,0.0,49.0,-5.393567584875411,43.60643241512459,2
1628983,Shai Gilgeous-Alexander,1610612760,SAS,2026-10-20,0.0,49.1,-7.205926064214086,41.89407393578591,3
1628369,Jayson Tatum,1610612738,DET,2026-10-20,0.0,45.1,-4.9075369160346245,40.19246308396538,4
1626157,Karl-Anthony Towns,1610612752,PHI,2026-10-20,0.0,40.7,-1.8171396992252566,38.882860300774745,5
1627759,Jaylen Brown,1610612738,DET,2026-10-20,0.0,46.0,-8.228772874837896,37.771227125162106,6
1631105,Jalen Duren,1610612765,BOS,2026-10-20,0.0,41.7,-4.389806519967729,37.310193480032275,7
1630178,Tyrese Maxey,1610612755,NYK,2026-10-20,0.0,43.9,-7.062240646970858,36.83775935302914,8
1628973,Jalen Brunson,1610612752,PHI,2026-10-20,0.0,43.0,-6.941807099308862,36.05819290069114,9
1630595,Cade Cunningham,1610612765,BOS,2026-10-20,0.0,42.4,-8.308326664744227,34.09167333525577,10
1642264,Stephon Castle,1610612759,OKC,2026-10-20,0.0,39.1,-6.117366466732467,32.98263353326753,11
202331,Paul George,1610612755,NYK,2026-10-20,0.0,42.2,-10.044673068370118,32.15532693162989,12
1641709,Ausar Thompson,1610612765,BOS,2026-10-20,0.0,37.5,-6.0761917638675165,31.423808236132484,13
1642845,VJ Edgecombe,1610612755,NYK,2026-10-20,0.0,38.2,-7.018340800530406,31.181659199469596,14
1628404,Josh Hart,1610612752,PHI,2026-10-20,0.0,32.8,-4.171478306575589,28.628521693424407,15
1630202,Payton Pritchard,1610612738,DET,2026-10-20,0.0,32.2,-3.7381863629018826,28.46181363709812,16
1642450,Daniss Jenkins,1610612765,BOS,2026-10-20,0.0,32.4,-4.661134129316962,27.738865870683036,17
1628368,De'Aaron Fox,1610612759,OKC,2026-10-20,0.0,31.8,-4.132990432500701,27.6670095674993,18
1629674,Neemias Queta,1610612738,DET,2026-10-20,0.0,36.0,-8.815070514176096,27.184929485823904,19
1631096,Chet Holmgren,1610612760,SAS,2026-10-20,0.0,33.6,-7.0594212035090385,26.540578796490962,20
1642844,Dylan Harper,1610612759,OKC,2026-10-20,0.0,32.1,-6.052169127282053,26.04783087271795,21
202699,Tobias Harris,1610612765,BOS,2026-10-20,0.0,30.4,-6.918810377751611,23.481189622248387,22
1631114,Jalen Williams,1610612760,SAS,2026-10-20,0.0,29.5,-6.035262114786133,23.464737885213868,23
1628384,OG Anunoby,1610612752,PHI,2026-10-20,0.0,32.4,-9.339767545315528,23.06023245468447,24
1628401,Derrick White,1610612738,DET,2026-10-20,0.0,24.2,-1.986589114579975,22.213410885420025,25
1628969,Mikal Bridges,1610612752,PHI,2026-10-20,0.0,27.4,-5.747756161347574,21.652243838652424,26
1629640,Keldon Johnson,1610612759,OKC,2026-10-20,0.0,24.3,-2.938338789927109,21.361661210072892,27
1630170,Devin Vassell,1610612759,OKC,2026-10-20,0.0,26.2,-4.932972222576195,21.267027777423806,28
1626162,Kelly Oubre Jr.,1610612755,NYK,2026-10-20,0.0,25.1,-3.932650026794753,21.167349973205248,29
1629011,Mitchell Robinson,1610612752,PHI,2026-10-20,0.0,28.2,-7.232850748781676,20.967149251218324,30
1630577,Julian Champagnie,1610612759,OKC,2026-10-20,0.0,25.6,-4.668574017863893,20.93142598213611,31
1629130,Duncan Robinson,1610612765,BOS,2026-10-20,0.0,26.4,-5.728543088346807,20.67145691165319,32
1628989,Kevin Huerter,1610612765,BOS,2026-10-20,0.0,24.2,-3.7661714876364614,20.433828512363537,33
1630194,Paul Reed,1610612765,BOS,2026-10-20,0.0,24.3,-5.965413675105552,18.33458632489445,34
1628392,Isaiah Hartenstein,1610612760,SAS,2026-10-20,0.0,28.1,-11.31304252906184,16.786957470938162,35
1641717,Cason Wallace,1610612760,SAS,2026-10-20,0.0,24.1,-7.3816215316424625,16.71837846835754,36
203083,Andre Drummond,1610612755,NYK,2026-10-20,0.0,17.8,-1.407526770573196,16.392473229426805,37
1628436,Luke Kornet,1610612759,OKC,2026-10-20,0.0,19.6,-3.2831292140386212,16.31687078596138,38
1642349,Ajay Mitchell,1610612760,SAS,2026-10-20,0.0,23.1,-7.7595816471914905,15.340418352808511,39
1630573,Sam Hauser,1610612738,DET,2026-10-20,0.0,17.1,-1.771292268761349,15.328707731238651,40
1631230,Dominick Barlow,1610612755,NYK,2026-10-20,0.0,19.1,-3.7943051227306523,15.30569487726935,41
1629750,Javonte Green,1610612765,BOS,2026-10-20,0.0,19.8,-4.864903698201077,14.935096301798923,42
1630568,Luka Garza,1610612738,DET,2026-10-20,0.0,22.2,-7.481215889160508,14.718784110839492,43
1630631,Jose Alvarado,1610612752,PHI,2026-10-20,0.0,18.3,-3.882014022238475,14.417985977761525,44
202696,Nikola Vučević,1610612738,DET,2026-10-20,0.0,18.3,-4.006403601476984,14.293596398523016,45
1641842,Ronald Holland II,1610612765,BOS,2026-10-20,0.0,17.1,-2.854755572805045,14.245244427194956,46
1629652,Luguentz Dort,1610612760,SAS,2026-10-20,0.0,18.7,-4.48619107031324,14.21380892968676,47
1627747,Caris LeVert,1610612765,BOS,2026-10-20,0.0,20.0,-6.060997292136129,13.939002707863871,48
1629656,Quentin Grimes,1610612755,NYK,2026-10-20,0.0,19.9,-6.359894811762736,13.540105188237263,49
1630191,Isaiah Stewart,1610612765,BOS,2026-10-20,0.0,18.9,-5.6036904269711245,13.296309573028875,50
1631119,Jaylin Williams,1610612760,SAS,2026-10-20,0.0,19.9,-6.690972624487003,13.209027375512996,51
1631248,Baylor Scheierman,1610612738,DET,2026-10-20,0.0,15.9,-3.075528942679945,12.824471057320055,52
1630540,Miles McBride,1610612752,PHI,2026-10-20,0.0,18.1,-5.450528478944074,12.649471521055927,53
203084,Harrison Barnes,1610612759,OKC,2026-10-20,0.0,15.9,-3.452982600617184,12.447017399382815,54
1626166,Cameron Payne,1610612755,NYK,2026-10-20,0.0,18.7,-7.002948690007305,11.697051309992695,55
1641775,Jordan Walsh,1610612738,DET,2026-10-20,0.0,16.0,-4.445029111236,11.554970888764,56
1630198,Isaiah Joe,1610612760,SAS,2026-10-20,0.0,18.2,-7.0621355686680864,11.137864431331913,57
1641737,Adem Bona,1610612755,NYK,2026-10-20,0.0,14.9,-4.551344698674484,10.348655301325516,58
1642868,Carter Bryant,1610612759,OKC,2026-10-20,0.0,13.0,-3.188095041379148,9.811904958620852,59
1642382,Branden Carlson,1610612760,SAS,2026-10-20,0.0,13.1,-3.5489404823699355,9.551059517630064,60
203903,Jordan Clarkson,1610612752,PHI,2026-10-20,0.0,14.0,-4.503408721780356,9.496591278219643,61
1630598,Aaron Wiggins,1610612760,SAS,2026-10-20,0.0,14.3,-4.970731738014089,9.329268261985913,62
1629013,Landry Shamet,1610612752,PHI,2026-10-20,0.0,11.6,-2.460967533124534,9.139032466875467,63
1627936,Alex Caruso,1610612760,SAS,2026-10-20,0.0,13.8,-4.783990773704972,9.01600922629503,64
1630570,Trendon Watford,1610612755,NYK,2026-10-20,0.0,16.4,-7.810540765817013,8.589459234182986,65
1642260,Nikola Topić,1610612760,SAS,2026-10-20,0.0,9.555555555555555,-1.3589849472687716,8.196570608286784,66
1631207,Dalen Terry,1610612755,NYK,2026-10-20,0.0,13.2,-6.211747174083724,6.988252825916275,67
1642272,Jared McCain,1610612760,SAS,2026-10-20,0.0,10.3,-3.3636775691947065,6.936322430805294,68
1629026,Kenrich Williams,1610612760,SAS,2026-10-20,0.0,10.4,-3.6997011255766834,6.700298874423317,69
1628449,Chris Boucher,1610612738,DET,2026-10-20,0.0,10.0,-4.344278643969497,5.655721356030503,70
1642964,Brooks Barnhizer,1610612760,SAS,2026-10-20,0.0,6.3,-1.1227806562053788,5.177219343794621,71
1642449,Tolu Smith,1610612765,BOS,2026-10-20,0.0,8.7,-3.8917445318349064,4.808255468165093,72
201569,Eric Gordon,1610612755,NYK,2026-10-20,0.0,8.6,-3.8680708926151217,4.731929107384878,73
1642348,Justin Edwards,1610612755,NYK,2026-10-20,0.0,6.3,-1.631894480848049,4.6681055191519505,74
1630574,Ariel Hukporti,1610612752,PHI,2026-10-20,0.0,6.2,-2.1973138407811743,4.002686159218825,75
1630699,MarJon Beauchamp,1610612755,NYK,2026-10-20,0.0,12.1,-8.593779457353328,3.5062205426466715,76
1631110,Jeremy Sochan,1610612752,PHI,2026-10-20,0.0,8.3,-5.0231281488531385,3.276871851146862,77
1642885,Mohamed Diawara,1610612752,PHI,2026-10-20,0.0,7.6,-4.352419871243756,3.247580128756244,78
1631213,Tyrese Martin,1610612755,NYK,2026-10-20,0.0,5.5,-2.281763406734372,3.218236593265628,79
1631204,Marcus Sasser,1610612765,BOS,2026-10-20,0.0,7.7,-4.5268221559840764,3.1731778440159237,80
1629162,Jordan McLaughlin,1610612759,OKC,2026-10-20,0.0,8.8,-5.684446316430075,3.1155536835699253,81
1631111,Wendell Moore Jr.,1610612765,BOS,2026-10-20,0.0,7.4,-4.2939471743823265,3.106052825617674,82
203486,Mason Plumlee,1610612759,OKC,2026-10-20,0.0,7.9,-4.797714478930053,3.1022855210699474,83
1631199,Ron Harper Jr.,1610612738,DET,2026-10-20,0.0,9.2,-6.115625069023848,3.0843749309761517,84
1642362,Payton Sandfort,1610612760,SAS,2026-10-20,0.0,3.6666666666666665,-0.6330169898080483,3.033649676858618,85
200768,Kyle Lowry,1610612755,NYK,2026-10-20,0.0,2.6,0.41470902999088133,3.0147090299908816,86
1642873,Amari Williams,1610612738,DET,2026-10-20,0.0,3.6,-0.7034179328908146,2.8965820671091853,87
1642864,Hugo González,1610612738,DET,2026-10-20,0.0,5.3,-2.781701154738867,2.518298845261133,88
1631133,Jabari Walker,1610612755,NYK,2026-10-20,0.0,8.7,-6.188094228920293,2.5119057710797064,89
1630322,Lindy Waters III,1610612759,OKC,2026-10-20,0.0,5.8,-3.3997877436179635,2.4002122563820363,90
1642278,Tyler Kolek,1610612752,PHI,2026-10-20,0.0,10.1,-7.866104281686036,2.2338957183139634,91
203482,Kelly Olynyk,1610612759,OKC,2026-10-20,0.0,7.7,-5.487291667844269,2.2127083321557315,92
1630625,Dalano Banton,1610612738,DET,2026-10-20,0.0,4.4,-2.268776834987235,2.1312231650127655,93
1642357,David Jones Garcia,1610612759,OKC,2026-10-20,0.0,9.9,-8.031546098343473,1.8684539016565278,94
1642359,Pacôme Dadiet,1610612752,PHI,2026-10-20,0.0,4.4,-2.777423300906331,1.6225766990936692,95
202687,Bismack Biyombo,1610612759,OKC,2026-10-20,0.0,3.3,-1.6999184059312211,1.6000815940687787,96
1642404,Chaz Lanier,1610612765,BOS,2026-10-20,0.0,1.7,-0.15971286635768842,1.5402871336423116,97
1641780,Johni Broome,1610612755,NYK,2026-10-20,0.0,2.1,-0.5664695069085921,1.533530493091408,98
1631127,Harrison Ingram,1610612759,OKC,2026-10-20,0.0,3.1666666666666665,-1.6625078614231186,1.504158805243548,99
1641998,Trey Jemison III,1610612752,PHI,2026-10-20,0.0,3.0,-1.50648469960406,1.49351530039594,100
1642403,Isaac Jones,1610612765,BOS,2026-10-20,0.0,2.8333333333333335,-1.3766844959051512,1.4566488374281823,101
1641732,Colby Jones,1610612765,BOS,2026-10-20,0.0,0.0,1.4439480230636752,1.4439480230636752,102
1642917,Max Shulga,1610612738,DET,2026-10-20,0.0,0.5,0.7953188445183622,1.2953188445183623,103
1641794,Dillon Jones,1610612752,PHI,2026-10-20,0.0,4.333333333333333,-3.096078477077988,1.237254856255345,104
1641752,Bobi Klintman,1610612765,BOS,2026-10-20,0.0,2.9,-1.8200810183705303,1.0799189816294696,105
1641755,Kevin McCullar Jr.,1610612752,PHI,2026-10-20,0.0,2.1,-1.0208159171021172,1.079184082897883,106
1641787,Tosan Evbuomwan,1610612752,PHI,2026-10-20,0.0,0.25,0.7615238706961648,1.011523870696165,107
1642282,Hunter Sallis,1610612755,NYK,2026-10-20,0.0,1.6666666666666667,-0.6691307792731341,0.9975358873935326,108
1630649,Stanley Umude,1610612759,OKC,2026-10-20,0.0,0.0,0.9285295447378702,0.9285295447378702,109
1631205,Buddy Boeheim,1610612760,SAS,2026-10-20,0.0,2.0,-1.2726668914064965,0.7273331085935035,110
1642910,John Tonje,1610612738,DET,2026-10-20,0.0,1.6,-1.0391956175758783,0.5608043824241218,111
