PLAYER_ID,PLAYER_NAME,TEAM_ID,GAMES_LOGGED,GAMES_FORECASTED,PREDICTED_WEEKLY_FP,TOTAL_GAMES_THIS_WEEK,ISO_YEAR,ISO_WEEK,RANK
203999,Nikola Jokić,1610612743,0,1,47.97782078534429,1,2026,40,1
202695,Kawhi Leonard,1610612746,0,1,42.15221000821702,1,2026,40,2
1631117,Walker Kessler,1610612762,0,1,39.110220812059836,1,2026,40,3
1630567,Scottie Barnes,1610612761,0,1,37.60835023856322,1,2026,40,4
203994,Jusuf Nurkić,1610612762,0,1,36.57189391085809,1,2026,40,5
1627750,Jamal Murray,1610612743,0,1,36.09069673698127,1,2026,40,6
202710,Jimmy Butler III,1610612744,0,1,35.27529552264002,1,2026,40,7
1629636,Darius Garland,1610612746,0,1,34.45782486643081,1,2026,40,8
1628389,Bam Adebayo,1610612748,0,1,33.20496241553644,1,2026,40,9
1629639,Tyler Herro,1610612748,0,1,33.141738328838024,1,2026,40,10
1629723,John Konchar,1610612762,0,1,31.654345814836375,1,2026,40,11
1629661,Cameron Johnson,1610612743,0,1,31.213376476557816,1,2026,40,12
1628991,Jaren Jackson Jr.,1610612762,0,1,31.03630194398408,1,2026,40,13
1642271,Kyle Filipowski,1610612762,0,1,30.88522761305645,1,2026,40,14
1629628,RJ Barrett,1610612761,0,1,30.508578698602726,1,2026,40,15
1627742,Brandon Ingram,1610612761,0,1,30.32338048998157,1,2026,40,16
1641729,Brice Sensabaugh,1610612762,0,1,30.238276838015462,1,2026,40,17
1628374,Lauri Markkanen,1610612762,0,1,29.693482919653775,1,2026,40,18
1642846,Ace Bailey,1610612762,0,1,29.295836293652787,1,2026,40,19
201572,Brook Lopez,1610612746,0,1,28.34624727527664,1,2026,40,20
1641764,Brandin Podziemski,1610612744,0,1,27.719119845541012,1,2026,40,21
1641718,Keyonte George,1610612762,0,1,27.384160006918314,1,2026,40,22
1643016,Bez Mbeng,1610612762,0,1,27.226809122816757,1,2026,40,23
1642268,Isaiah Collier,1610612762,0,1,27.08542717031604,1,2026,40,24
201939,Stephen Curry,1610612744,0,1,26.580053167360873,1,2026,40,25
203110,Draymond Green,1610612744,0,1,26.044296520000156,1,2026,40,26
1631170,Jaime Jaquez Jr.,1610612748,0,1,26.03802251984357,1,2026,40,27
1631113,Kennedy Chandler,1610612762,0,1,25.471079081868094,1,2026,40,28
1642262,Cody Williams,1610612762,0,1,25.1700919982249,1,2026,40,29
1631128,Christian Braun,1610612743,0,1,25.03090680665677,1,2026,40,30
1630193,Immanuel Quickley,1610612761,0,1,24.320854063957253,1,2026,40,31
204001,Kristaps Porziņģis,1610612744,0,1,24.023394538055683,1,2026,40,32
1630541,Moses Moody,1610612744,0,1,23.627197252943677,1,2026,40,33
1630611,Gui Santos,1610612744,0,1,23.393677385359368,1,2026,40,34
203932,Aaron Gordon,1610612743,0,1,23.184912755712283,1,2026,40,35
1641989,Elijah Harkless,1610612762,0,1,23.114120278587627,1,2026,40,36
203952,Andrew Wiggins,1610612748,0,1,22.810013116853693,1,2026,40,37
1642867,Collin Murray-Boyles,1610612761,0,1,22.462568451430858,1,2026,40,38
1631212,Peyton Watson,1610612743,0,1,22.207396674770557,1,2026,40,39
1631131,Oscar Tshiebwe,1610612762,0,1,21.75269986886006,1,2026,40,40
1641796,Pelle Larsson,1610612748,0,1,21.720375426238164,1,2026,40,41
1630558,Davion Mitchell,1610612748,0,1,21.65960374210793,1,2026,40,42
1628381,John Collins,1610612746,0,1,20.92287307042429,1,2026,40,43
1643158,Andersson Garcia,1610612762,0,1,20.69866984497988,1,2026,40,44
1630572,Sandro Mamukelashvili,1610612761,0,1,20.33983428734433,1,2026,40,45
1628971,Bruce Brown,1610612743,0,1,19.862860060707714,1,2026,40,46
1627751,Jakob Poeltl,1610612761,0,1,19.520240932431125,1,2026,40,47
1642266,Ja'Kobe Walter,1610612761,0,1,18.840694996536364,1,2026,40,48
1641757,Jordan Miller,1610612746,0,1,18.648202581523897,1,2026,40,49
1629001,De'Anthony Melton,1610612744,0,1,17.870754281739057,1,2026,40,50
1627739,Kris Dunn,1610612746,0,1,17.253219463178503,1,2026,40,51
1630543,Isaiah Jackson,1610612746,0,1,16.992879269399033,1,2026,40,52
1627884,Derrick Jones Jr.,1610612746,0,1,16.95256093145738,1,2026,40,53
1642949,Yanic Konan Niederhäuser,1610612746,0,1,16.640045709884276,1,2026,40,54
1642347,Jamal Shead,1610612761,0,1,16.47510323585117,1,2026,40,55
201143,Al Horford,1610612744,0,1,16.110424457440825,1,2026,40,56
1642366,Quinten Post,1610612744,0,1,15.978088898453358,1,2026,40,57
1630311,Pat Spencer,1610612744,0,1,15.724587488393613,1,2026,40,58
1626181,Norman Powell,1610612748,0,1,15.549017273670824,1,2026,40,59
203501,Tim Hardaway Jr.,1610612743,0,1,15.513381642301763,1,2026,40,60
1627780,Gary Payton II,1610612744,0,1,14.998059648596787,1,2026,40,61
1642396,Blake Hinson,1610612762,0,1,14.981881711156175,1,2026,40,62
1642920,Kobe Sanders,1610612746,0,1,14.57263991442004,1,2026,40,63
202685,Jonas Valanciunas,1610612743,0,1,14.430252783055202,1,2026,40,64
1629004,Svi Mykhailiuk,1610612762,0,1,14.322319350434732,1,2026,40,65
1629646,Charles Bassey,1610612744,0,1,14.2915296578295,1,2026,40,66
1642276,Kel'el Ware,1610612748,0,1,14.105067808546577,1,2026,40,67
1642461,Spencer Jones,1610612743,0,1,13.498159187076139,1,2026,40,68
1631097,Bennedict Mathurin,1610612746,0,1,13.234792002132993,1,2026,40,69
1631246,Vince Williams Jr.,1610612762,0,1,12.89553294591979,1,2026,40,70
201567,Kevin Love,1610612762,0,1,12.838429965473189,1,2026,40,71
1642857,Kasparas Jakučionis,1610612748,0,1,12.292034151295784,1,2026,40,72
1631124,Julian Strawther,1610612743,0,1,11.623787748659158,1,2026,40,73
1631466,Nate Williams,1610612744,0,1,11.498126907268723,1,2026,40,74
1643018,LJ Cryer,1610612744,0,1,10.459338052925677,1,2026,40,75
203078,Bradley Beal,1610612746,0,1,10.338409899907223,1,2026,40,76
1642502,Malevy Leons,1610612744,0,1,9.717947950773954,1,2026,40,77
1631323,Simone Fontecchio,1610612748,0,1,9.222199558900165,1,2026,40,78
1642352,Keshad Johnson,1610612748,0,1,8.460231435431817,1,2026,40,79
203552,Seth Curry,1610612744,0,1,7.427130075927313,1,2026,40,80
1631223,David Roddy,1610612743,0,1,7.4163871742375544,1,2026,40,81
101108,Chris Paul,1610612746,0,1,6.93382530402855,1,2026,40,82
1642954,Will Richard,1610612744,0,1,6.25197815914762,1,2026,40,83
1630639,A.J. Lawson,1610612761,0,1,5.822936393513799,1,2026,40,84
1628964,Mo Bamba,1610612762,0,1,5.228058452154887,1,2026,40,85
203992,Bogdan Bogdanović,1610612746,0,1,5.0383385429159455,1,2026,40,86
1630696,Dru Smith,1610612748,0,1,4.40025955869592,1,2026,40,87
1629618,Jalen Pickett,1610612743,0,1,4.259780067142863,1,2026,40,88
1630192,Zeke Nnaji,1610612743,0,1,4.251704774345686,1,2026,40,89
1642367,Jonathan Mogbo,1610612761,0,1,3.936178794699053,1,2026,40,90
1641711,Gradey Dick,1610612761,0,1,3.6907763601540724,1,2026,40,91
1631107,Nikola Jović,1610612748,0,1,3.6413351479930283,1,2026,40,92
1642419,Jamison Battle,1610612761,0,1,3.5393331538564574,1,2026,40,93
1641816,Hunter Tyson,1610612743,0,1,3.506420182441835,1,2026,40,94
1641747,DaRon Holmes II,1610612743,0,1,3.1899458458894463,1,2026,40,95
1642938,Curtis Jones,1610612743,0,1,3.079282521701928,1,2026,40,96
201587,Nicolas Batum,1610612746,0,1,3.025624742206963,1,2026,40,97
1641807,Norchad Omier,1610612746,0,1,2.9565111922358964,1,2026,40,98
1642353,Cam Christie,1610612746,0,1,2.9521154263392706,1,2026,40,99
1626145,Tyus Jones,1610612743,0,1,2.8729549069769735,1,2026,40,100
1630209,Omer Yurtseven,1610612744,0,1,2.7892704472800256,1,2026,40,101
1642354,KJ Simpson,1610612743,0,1,2.701692055681912,1,2026,40,102
1642066,Myron Gardner,1610612748,0,1,2.652899717920671,1,2026,40,103
1628365,Markelle Fultz,1610612761,0,1,2.5833899383454457,1,2026,40,104
1643060,Hayden Gray,1610612762,0,1,2.536339574010344,1,2026,40,105
1631218,Trayce Jackson-Davis,1610612761,0,1,2.2366314322539997,1,2026,40,106
1642951,Sean Pedulla,1610612746,0,1,2.187395722934057,1,2026,40,107
1642918,Alijah Martin,1610612761,0,1,1.9410495016709062,1,2026,40,108
1642884,Vladislav Goldin,1610612748,0,1,1.6856776260973994,1,2026,40,109
1642443,Jahmir Young,1610612748,0,1,1.6823349465987834,1,2026,40,110
1631102,TyTy Washington Jr.,1610612746,0,1,1.4862522497220625,1,2026,40,111
1642935,Chucky Hepburn,1610612761,0,1,1.3887348571584452,1,2026,40,112
1643141,Jahmyl Telfort,1610612746,0,1,1.3790112829040215,1,2026,40,113
202066,Garrett Temple,1610612761,0,1,1.12007094726665,1,2026,40,114
1631211,Trevor Keels,1610612748,0,1,0.4087653153333446,1,2026,40,115
203954,Joel Embiid,1610612755,0,4,177.6714430886193,4,2026,43,1
1641705,Victor Wembanyama,1610612759,0,3,152.29309075554997,3,2026,43,2
1630178,Tyrese Maxey,1610612755,0,4,149.15894560071058,4,2026,43,3
1629029,Luka Dončić,1610612747,0,3,144.26893348731295,3,2026,43,4
1642843,Cooper Flagg,1610612742,0,3,136.96156352882645,3,2026,43,5
2544,LeBron James,1610612747,0,3,133.69090800107605,3,2026,43,6
1642845,VJ Edgecombe,1610612755,0,4,129.5729560698719,4,2026,43,7
202331,Paul George,1610612755,0,4,128.9636125718833,4,2026,43,8
1630578,Alperen Sengun,1610612745,0,3,128.89958463565557,3,2026,43,9
1628983,Shai Gilgeous-Alexander,1610612760,0,3,125.4508167206617,3,2026,43,10
202695,Kawhi Leonard,1610612746,0,3,124.2934646990298,3,2026,43,11
201142,Kevin Durant,1610612745,0,3,123.342905318444,3,2026,43,12
1631117,Walker Kessler,1610612762,0,3,121.84518864888454,3,2026,43,13
1630581,Josh Giddey,1610612741,0,3,120.0847544811236,3,2026,43,14
1630552,Jalen Johnson,1610612737,0,3,119.11394682132874,3,2026,43,15
1629645,Kevin Porter Jr.,1610612749,0,3,115.44798710223456,3,2026,43,16
1626157,Karl-Anthony Towns,1610612752,0,3,114.5817550587414,3,2026,43,17
203507,Giannis Antetokounmpo,1610612749,0,3,114.44952576672767,3,2026,43,18
203994,Jusuf Nurkić,1610612762,0,3,112.66319948667214,3,2026,43,19
203076,Anthony Davis,1610612742,0,3,110.7185410483325,3,2026,43,20
1631157,Ryan Rollins,1610612749,0,3,110.10865448454533,3,2026,43,21
1630567,Scottie Barnes,1610612761,0,3,109.77015483880096,3,2026,43,22
1631105,Jalen Duren,1610612765,0,3,109.64509118836696,3,2026,43,23
1630162,Anthony Edwards,1610612750,0,3,108.68349100660764,3,2026,43,24
1630700,Dyson Daniels,1610612737,0,3,108.67396161563217,3,2026,43,25
1628973,Jalen Brunson,1610612752,0,3,107.7376843150204,3,2026,43,26
202710,Jimmy Butler III,1610612744,0,3,106.74905178645028,3,2026,43,27
1630163,LaMelo Ball,1610612766,0,3,105.69458760450144,3,2026,43,28
1630559,Austin Reaves,1610612747,0,3,102.25946012407952,3,2026,43,29
1628389,Bam Adebayo,1610612748,0,3,101.87987802698272,3,2026,43,30
1629636,Darius Garland,1610612746,0,3,101.82622939037896,3,2026,43,31
1629639,Tyler Herro,1610612748,0,3,100.92251519364588,3,2026,43,32
1642264,Stephon Castle,1610612759,0,3,100.12942441771888,3,2026,43,33
1630595,Cade Cunningham,1610612765,0,3,99.50350481324888,3,2026,43,34
203944,Julius Randle,1610612750,0,3,98.52683368094029,3,2026,43,35
1629638,Nickeil Alexander-Walker,1610612737,0,3,97.82321386836476,3,2026,43,36
1642860,Will Riley,1610612764,0,3,97.3681078003558,3,2026,43,37
1630200,Tre Jones,1610612741,0,3,97.11625747529042,3,2026,43,38
1630245,Ayo Dosunmu,1610612750,0,3,97.05545201152373,3,2026,43,39
1629723,John Konchar,1610612762,0,3,96.59208555330828,3,2026,43,40
1642882,Julian Reese,1610612764,0,3,95.76387546697184,3,2026,43,41
1627734,Domantas Sabonis,1610612758,0,3,95.64126509959424,3,2026,43,42
1628991,Jaren Jackson Jr.,1610612762,0,3,95.48955675213315,3,2026,43,43
1642271,Kyle Filipowski,1610612762,0,3,95.25918598140902,3,2026,43,44
1630530,Trey Murphy III,1610612740,0,3,94.5690238907927,3,2026,43,45
203999,Nikola Jokić,1610612743,0,2,94.39496854068568,2,2026,43,46
1631214,Alondes Williams,1610612764,0,3,94.2626791732424,3,2026,43,47
201942,DeMar DeRozan,1610612758,0,3,93.9014158705849,3,2026,43,48
1631094,Paolo Banchero,1610612753,0,3,93.46890272892423,3,2026,43,49
1642847,Jeremiah Fears,1610612740,0,3,93.02079072882486,3,2026,43,50
201566,Russell Westbrook,1610612758,0,3,92.84594771133015,3,2026,43,51
1641709,Ausar Thompson,1610612765,0,3,92.56653193671058,3,2026,43,52
1641744,Zach Edey,1610612763,0,3,92.39646181213668,3,2026,43,53
1641729,Brice Sensabaugh,1610612762,0,3,92.15436951703008,3,2026,43,54
203497,Rudy Gobert,1610612750,0,3,91.55408978262848,3,2026,43,55
1629008,Michael Porter Jr.,1610612751,0,3,91.2250914963663,3,2026,43,56
203468,CJ McCollum,1610612737,0,3,90.8770338495235,3,2026,43,57
1628374,Lauri Markkanen,1610612762,0,3,90.39386327266608,3,2026,43,58
1629628,RJ Barrett,1610612761,0,3,89.7581031822146,3,2026,43,59
1627742,Brandon Ingram,1610612761,0,3,89.44761254263739,3,2026,43,60
1642846,Ace Bailey,1610612762,0,3,89.37486367114779,3,2026,43,61
1641708,Amen Thompson,1610612745,0,3,89.22219348278252,3,2026,43,62
1627783,Pascal Siakam,1610612754,0,3,88.5437472676021,3,2026,43,63
1626162,Kelly Oubre Jr.,1610612755,0,4,87.97234349082369,4,2026,43,64
1629614,Andrew Nembhard,1610612754,0,3,87.89897377956304,3,2026,43,65
1627749,Dejounte Murray,1610612740,0,3,86.68663002392242,3,2026,43,66
1628404,Josh Hart,1610612752,0,3,86.43867783576712,3,2026,43,67
1630591,Jalen Suggs,1610612753,0,3,86.19274496792276,3,2026,43,68
1630180,Saddiq Bey,1610612740,0,3,86.16014445822464,3,2026,43,69
1630230,Naji Marshall,1610612742,0,3,86.0857930079635,3,2026,43,70
1641824,Matas Buzelis,1610612741,0,3,85.32242887434946,3,2026,43,71
1642450,Daniss Jenkins,1610612765,0,3,85.09431538718292,3,2026,43,72
1629627,Zion Williamson,1610612740,0,3,84.64467423789279,3,2026,43,73
1642875,Maxime Raynaud,1610612758,0,3,84.36044316334228,3,2026,43,74
1641764,Brandin Podziemski,1610612744,0,3,83.92477097298587,3,2026,43,75
1628368,De'Aaron Fox,1610612759,0,3,83.78902749944302,3,2026,43,76
1631096,Chet Holmgren,1610612760,0,3,83.78695491632094,3,2026,43,77
201572,Brook Lopez,1610612746,0,3,83.52743161358866,3,2026,43,78
1643016,Bez Mbeng,1610612762,0,3,82.95889396056786,3,2026,43,79
1631159,Leonard Miller,1610612741,0,3,82.81659278506032,3,2026,43,80
1641706,Brandon Miller,1610612766,0,3,82.70721881951904,3,2026,43,81
1641718,Keyonte George,1610612762,0,3,82.69027780281996,3,2026,43,82
1628970,Miles Bridges,1610612766,0,3,82.68272881733287,3,2026,43,83
1642268,Isaiah Collier,1610612762,0,3,82.17220219793873,3,2026,43,84
1629630,Ja Morant,1610612763,0,3,81.88546378066155,3,2026,43,85
1630217,Desmond Bane,1610612753,0,3,81.33962549521999,3,2026,43,86
201939,Stephen Curry,1610612744,0,3,80.67797699909306,3,2026,43,87
1629660,Ty Jerome,1610612763,0,3,80.3678569973925,3,2026,43,88
1630166,Deni Avdija,1610612757,0,2,80.10600972502533,2,2026,43,89
1642844,Dylan Harper,1610612759,0,3,79.67230603167445,3,2026,43,90
1631170,Jaime Jaquez Jr.,1610612748,0,3,79.33388992879428,3,2026,43,91
1628369,Jayson Tatum,1610612738,0,2,79.1109057260208,2,2026,43,92
1630168,Onyeka Okongwu,1610612737,0,3,78.8933851627092,3,2026,43,93
201935,James Harden,1610612739,0,2,78.76147604374012,2,2026,43,94
203110,Draymond Green,1610612744,0,3,78.68612335022513,3,2026,43,95
1631113,Kennedy Chandler,1610612762,0,3,77.83188948166182,3,2026,43,96
1627759,Jaylen Brown,1610612738,0,2,77.51970965884453,2,2026,43,97
1631095,Jabari Smith Jr.,1610612745,0,3,77.34186030008448,3,2026,43,98
1630579,Jericho Sims,1610612749,0,3,77.1565887057822,3,2026,43,99
1642262,Cody Williams,1610612762,0,3,76.9411414914623,3,2026,43,100
1630596,Evan Mobley,1610612739,0,2,76.87736975000709,2,2026,43,101
1642852,Derik Queen,1610612740,0,3,76.66880919311248,3,2026,43,102
1626164,Devin Booker,1610612756,0,2,75.65280610424418,2,2026,43,103
1626171,Bobby Portis Jr.,1610612749,0,3,75.43025498644039,3,2026,43,104
1627752,Taurean Prince,1610612749,0,3,75.2778378790845,3,2026,43,105
1641716,Jarace Walker,1610612754,0,3,75.16589041029756,3,2026,43,106
1629012,Collin Sexton,1610612741,0,3,74.89789940182914,3,2026,43,107
1631260,AJ Green,1610612749,0,3,74.70707156548627,3,2026,43,108
1630583,Santi Aldama,1610612763,0,3,74.26122952981693,3,2026,43,109
1631172,Ousmane Dieng,1610612749,0,3,73.84461901630975,3,2026,43,110
1642363,Nique Clifford,1610612758,0,3,73.69274056971565,3,2026,43,111
1628378,Donovan Mitchell,1610612739,0,2,73.62199333278232,2,2026,43,112
1630183,Jaden McDaniels,1610612750,0,3,73.43423775928132,3,2026,43,113
1641712,Rayan Rupert,1610612763,0,3,72.97607686274137,3,2026,43,114
1630538,Bones Hyland,1610612750,0,3,72.91936997201397,3,2026,43,115
204001,Kristaps Porziņģis,1610612744,0,3,72.90324969185691,3,2026,43,116
1629023,P.J. Washington,1610612742,0,3,72.79719099947164,3,2026,43,117
1642269,Devin Carter,1610612758,0,3,72.35852013209538,3,2026,43,118
1630193,Immanuel Quickley,1610612761,0,3,72.19693105441922,3,2026,43,119
1630541,Moses Moody,1610612744,0,3,71.48159501360603,3,2026,43,120
1631114,Jalen Williams,1610612760,0,3,70.87842423174317,3,2026,43,121
1628379,Luke Kennard,1610612747,0,3,70.69296886960018,3,2026,43,122
1630611,Gui Santos,1610612744,0,3,70.66734914080568,3,2026,43,123
1627750,Jamal Murray,1610612743,0,2,70.48133075954166,2,2026,43,124
1629027,Trae Young,1610612764,0,3,70.47845038167627,3,2026,43,125
1628384,OG Anunoby,1610612752,0,3,70.36142895681066,3,2026,43,126
1641989,Elijah Harkless,1610612762,0,3,70.27380515021605,3,2026,43,127
203897,Zach LaVine,1610612758,0,3,70.20952414111726,3,2026,43,128
203952,Andrew Wiggins,1610612748,0,3,69.9062907935159,3,2026,43,129
202699,Tobias Harris,1610612765,0,3,69.50318449433932,3,2026,43,130
1630173,Precious Achiuwa,1610612758,0,3,69.18594554209184,3,2026,43,131
1641713,GG Jackson,1610612763,0,3,69.07581702134424,3,2026,43,132
203083,Andre Drummond,1610612755,0,4,68.71070349306964,4,2026,43,133
1631217,Moussa Diabaté,1610612766,0,3,68.25713899481956,3,2026,43,134
1629028,Deandre Ayton,1610612747,0,3,68.11049231715344,3,2026,43,135
1631099,Keegan Murray,1610612758,0,3,67.78204767649984,3,2026,43,136
1629014,Anfernee Simons,1610612741,0,3,67.69863173718765,3,2026,43,137
1631342,Daeqwon Plowden,1610612758,0,3,67.3794036963044,3,2026,43,138
1641796,Pelle Larsson,1610612748,0,3,67.21815846705726,3,2026,43,139
1631222,Jake LaRavia,1610612747,0,3,67.20724301633943,3,2026,43,140
1630264,Anthony Gill,1610612764,0,3,67.16237606199985,3,2026,43,141
1627826,Ivica Zubac,1610612754,0,3,66.75793553024491,3,2026,43,142
1631131,Oscar Tshiebwe,1610612762,0,3,66.73640286987963,3,2026,43,143
1630643,Jay Huff,1610612754,0,3,66.58992255744832,3,2026,43,144
1630558,Davion Mitchell,1610612748,0,3,65.89006358526093,3,2026,43,145
1630551,Justin Champagnie,1610612764,0,3,65.85717724676533,3,2026,43,146
1628398,Kyle Kuzma,1610612749,0,3,65.57776955888343,3,2026,43,147
1642867,Collin Murray-Boyles,1610612761,0,3,65.00313761627595,3,2026,43,148
1641731,Bilal Coulibaly,1610612764,0,3,64.74786829186965,3,2026,43,149
1628963,Marvin Bagley III,1610612742,0,3,64.59784833102272,3,2026,43,150
1628969,Mikal Bridges,1610612752,0,3,64.5281368196329,3,2026,43,151
1629640,Keldon Johnson,1610612759,0,3,64.46688495908165,3,2026,43,152
1630170,Devin Vassell,1610612759,0,3,64.35734930521072,3,2026,43,153
1642914,Javon Small,1610612763,0,3,64.111611364394,3,2026,43,154
1630577,Julian Champagnie,1610612759,0,3,64.10670843081435,3,2026,43,155
1631230,Dominick Barlow,1610612755,0,4,64.09739170092007,4,2026,43,156
1642267,Bub Carrington,1610612764,0,3,63.37425440093091,3,2026,43,157
1641771,Jalen Slawson,1610612754,0,3,63.356182732375906,3,2026,43,158
1642504,Cormac Ryan,1610612749,0,3,63.338530302216384,3,2026,43,159
1631169,Josh Minott,1610612751,0,3,63.08601908695006,3,2026,43,160
1642263,Reed Sheppard,1610612745,0,3,62.540682512858886,3,2026,43,161
1642928,Dylan Cardwell,1610612758,0,3,62.44108363740991,3,2026,43,162
1629130,Duncan Robinson,1610612765,0,3,62.36888713120068,3,2026,43,163
1630188,Jalen Smith,1610612741,0,3,62.21267086992769,3,2026,43,164
1643158,Andersson Garcia,1610612762,0,3,62.03340669575513,3,2026,43,165
203935,Marcus Smart,1610612747,0,3,61.96701561633601,3,2026,43,166
1642380,Adama Bal,1610612763,0,3,61.87223017836759,3,2026,43,167
1628989,Kevin Huerter,1610612765,0,3,61.81185184126882,3,2026,43,168
1630167,Obi Toppin,1610612754,0,3,61.62363986932043,3,2026,43,169
1642907,Cedric Coward,1610612763,0,3,61.615576677523734,3,2026,43,170
1642948,Ryan Nembhard,1610612742,0,3,61.583956869629915,3,2026,43,171
1630314,Brandon Williams,1610612742,0,3,61.52821240126399,3,2026,43,172
1629060,Rui Hachimura,1610612747,0,3,61.444132903778616,3,2026,43,173
1629661,Cameron Johnson,1610612743,0,2,61.38937917364883,2,2026,43,174
1631106,Tari Eason,1610612745,0,3,61.237726519021855,3,2026,43,175
1642259,Alex Sarr,1610612764,0,3,61.13648827936166,3,2026,43,176
1642285,Cam Spencer,1610612763,0,3,60.92426280535872,3,2026,43,177
1629011,Mitchell Robinson,1610612752,0,3,60.86350499969171,3,2026,43,178
1642879,Ben Saraf,1610612751,0,3,60.448934130263225,3,2026,43,179
1628381,John Collins,1610612746,0,3,60.233543591942706,3,2026,43,180
1630224,Jalen Green,1610612756,0,2,59.8877169658637,2,2026,43,181
1641869,Malachi Smith,1610612751,0,3,59.87174458932224,3,2026,43,182
1631250,Pete Nance,1610612749,0,3,59.58431321482407,3,2026,43,183
1630695,Micah Potter,1610612754,0,3,59.5824198297717,3,2026,43,184
1629675,Naz Reid,1610612750,0,3,59.54307951870074,3,2026,43,185
1631351,Lucas Williamson,1610612763,0,3,59.51259290062566,3,2026,43,186
1628978,Donte DiVincenzo,1610612750,0,3,59.398724792752255,3,2026,43,187
1642383,Walter Clayton Jr.,1610612763,0,3,59.37217182180878,3,2026,43,188
1629655,Daniel Gafford,1610612742,0,3,59.349312886060176,3,2026,43,189
1641778,Leaky Black,1610612764,0,3,59.20554641827283,3,2026,43,190
1630572,Sandro Mamukelashvili,1610612761,0,3,59.13677219432121,3,2026,43,191
1630171,Isaac Okoro,1610612741,0,3,58.70317044471484,3,2026,43,192
1627824,Guerschon Yabusele,1610612741,0,3,58.64362143552313,3,2026,43,193
1642851,Kon Knueppel,1610612766,0,3,58.59880025283681,3,2026,43,194
1642364,Jamir Watkins,1610612764,0,3,58.16261646696087,3,2026,43,195
1630208,Nick Richards,1610612741,0,3,58.16237784503393,3,2026,43,196
1630202,Payton Pritchard,1610612738,0,2,58.09074601205383,2,2026,43,197
1626167,Myles Turner,1610612749,0,3,57.7587263728018,3,2026,43,198
1630679,Ethan Thompson,1610612754,0,3,57.464752636236994,3,2026,43,199
1631108,Max Christie,1610612742,0,3,57.38932838335971,3,2026,43,200
1642274,Yves Missi,1610612740,0,3,57.36883670418564,3,2026,43,201
1627751,Jakob Poeltl,1610612761,0,3,57.13475822163231,3,2026,43,202
1642490,Josh Oduro,1610612740,0,3,56.91379259356911,3,2026,43,203
1642849,Nolan Traore,1610612751,0,3,56.87571078610175,3,2026,43,204
1630174,Aaron Nesmith,1610612754,0,3,56.80482049122905,3,2026,43,205
1630286,Trevon Scott,1610612751,0,3,56.75196675335768,3,2026,43,206
1629111,Jock Landale,1610612737,0,3,56.602873317361315,3,2026,43,207
201950,Jrue Holiday,1610612757,0,2,56.59394210970549,2,2026,43,208
1631245,Quenton Jackson,1610612754,0,3,56.4617172329081,3,2026,43,209
1629656,Quentin Grimes,1610612755,0,4,56.24843726364438,4,2026,43,210
1628976,Wendell Carter Jr.,1610612753,0,3,56.03675359298397,3,2026,43,211
1642942,Jahmai Mashack,1610612763,0,3,55.89077498452947,3,2026,43,212
1630604,E.J. Liddell,1610612751,0,3,55.818084889435895,3,2026,43,213
1630533,Ziaire Williams,1610612751,0,3,55.81020712701124,3,2026,43,214
1628386,Jarrett Allen,1610612739,0,2,55.52759981946615,2,2026,43,215
1642874,Danny Wolf,1610612751,0,3,55.51086569425619,3,2026,43,216
1629674,Neemias Queta,1610612738,0,2,55.25044145193963,2,2026,43,217
1641727,Dariq Whitehead,1610612763,0,3,55.10006886898569,3,2026,43,218
1641738,Kobe Brown,1610612754,0,3,54.887293105466995,3,2026,43,219
1641757,Jordan Miller,1610612746,0,3,54.857155335570305,3,2026,43,220
1642266,Ja'Kobe Walter,1610612761,0,3,54.82875631917176,3,2026,43,221
1629651,Nic Claxton,1610612751,0,3,54.63574839955952,3,2026,43,222
1630590,Scotty Pippen Jr.,1610612763,0,3,54.43526016979091,3,2026,43,223
1629001,De'Anthony Melton,1610612744,0,3,54.245709531967925,3,2026,43,224
1630228,Jonathan Kuminga,1610612737,0,3,54.186051691901646,3,2026,43,225
1641739,Toumani Camara,1610612757,0,2,53.763470018827746,2,2026,43,226
1630549,Day'Ron Sharpe,1610612751,0,3,53.74561857098426,3,2026,43,227
1630532,Franz Wagner,1610612753,0,3,53.70644313381299,3,2026,43,228
203500,Steven Adams,1610612745,0,3,53.212264905192406,3,2026,43,229
1642270,Donovan Clingan,1610612757,0,2,53.18871539469261,2,2026,43,230
1641707,Taylor Hendricks,1610612763,0,3,53.10981025985472,3,2026,43,231
1641717,Cason Wallace,1610612760,0,3,52.994251770008646,3,2026,43,232
1630610,DeJon Jarreau,1610612763,0,3,52.94320694646517,3,2026,43,233
1630194,Paul Reed,1610612765,0,3,52.34610241988503,3,2026,43,234
1629048,Goga Bitadze,1610612753,0,3,52.225824196872765,3,2026,43,235
1628392,Isaiah Hartenstein,1610612760,0,3,51.702942515309054,3,2026,43,236
1631174,Tyler Burton,1610612763,0,3,51.65025520125572,3,2026,43,237
203924,Jerami Grant,1610612757,0,2,51.27072276325212,2,2026,43,238
1628370,Malik Monk,1610612758,0,3,51.16109194732545,3,2026,43,239
1630623,Tyson Etienne,1610612751,0,3,51.01930047611232,3,2026,43,240
1629637,Jaxson Hayes,1610612747,0,3,50.86313472164802,3,2026,43,241
1628436,Luke Kornet,1610612759,0,3,50.828828094617705,3,2026,43,242
1642962,Drake Powell,1610612751,0,3,50.74039131420393,3,2026,43,243
1627739,Kris Dunn,1610612746,0,3,50.530242259371555,3,2026,43,244
1630619,Moussa Cisse,1610612742,0,3,50.273815879589485,3,2026,43,245
1642856,Egor Dëmin,1610612751,0,3,50.24103238904281,3,2026,43,246
1630172,Patrick Williams,1610612741,0,3,50.1630571475985,3,2026,43,247
1627884,Derrick Jones Jr.,1610612746,0,3,50.09680083237366,3,2026,43,248
1641783,Tristan da Silva,1610612753,0,3,49.48383400254901,3,2026,43,249
201143,Al Horford,1610612744,0,3,49.25228213131524,3,2026,43,250
1631128,Christian Braun,1610612743,0,2,49.0389090346981,2,2026,43,251
1631093,Jaden Ivey,1610612741,0,3,48.91911038270078,3,2026,43,252
1630543,Isaiah Jackson,1610612746,0,3,48.79550272877586,3,2026,43,253
1642366,Quinten Post,1610612744,0,3,48.78153721303621,3,2026,43,254
1630529,Herbert Jones,1610612740,0,3,48.7581553146088,3,2026,43,255
1626166,Cameron Payne,1610612755,0,4,48.58628768555223,4,2026,43,256
1642949,Yanic Konan Niederhäuser,1610612746,0,3,48.55105662754155,3,2026,43,257
1641730,Noah Clowney,1610612751,0,3,48.52412606860064,3,2026,43,258
1642377,Jaylen Wells,1610612763,0,3,48.20164940239819,3,2026,43,259
1628380,Zach Collins,1610612741,0,3,48.11084677239603,3,2026,43,260
1626181,Norman Powell,1610612748,0,3,47.98537788190659,3,2026,43,261
1642347,Jamal Shead,1610612761,0,3,47.90394840860201,3,2026,43,262
1630592,Jalen Wilson,1610612751,0,3,47.694660675498994,3,2026,43,263
1630311,Pat Spencer,1610612744,0,3,47.67941001579787,3,2026,43,264
1642955,Kadary Richmond,1610612764,0,3,47.59426731447827,3,2026,43,265
1643253,Toby Okani,1610612763,0,3,47.251809616418704,3,2026,43,266
1642349,Ajay Mitchell,1610612760,0,3,47.10451707278692,3,2026,43,267
1630703,Scoot Henderson,1610612757,0,2,47.03911974223031,2,2026,43,268
1643052,Chaney Johnson,1610612751,0,3,46.95838476737526,3,2026,43,269
1641774,Tristan Vukcevic,1610612764,0,3,46.91374383293215,3,2026,43,270
1629750,Javonte Green,1610612765,0,3,46.8703997047753,3,2026,43,271
1641765,Olivier-Maxence Prosper,1610612763,0,3,46.78897080902737,3,2026,43,272
1642396,Blake Hinson,1610612762,0,3,46.08489880909044,3,2026,43,273
1630702,Jaden Hardy,1610612764,0,3,46.005843690380985,3,2026,43,274
1627780,Gary Payton II,1610612744,0,3,45.45243835763037,3,2026,43,275
203932,Aaron Gordon,1610612743,0,2,45.33245173195776,2,2026,43,276
1642265,Rob Dillingham,1610612741,0,3,45.166373858687386,3,2026,43,277
1642276,Kel'el Ware,1610612748,0,3,45.03205032190787,3,2026,43,278
1630536,Sharife Cooper,1610612764,0,3,44.82230641043715,3,2026,43,279
1629652,Luguentz Dort,1610612760,0,3,44.54960391533045,3,2026,43,280
1628401,Derrick White,1610612738,0,2,44.54461413142825,2,2026,43,281
203484,Kentavious Caldwell-Pope,1610612763,0,3,44.51775018469098,3,2026,43,282
1629631,De'Andre Hunter,1610612758,0,3,44.373457432426605,3,2026,43,283
1631255,Karlo Matković,1610612740,0,3,44.20425613186472,3,2026,43,284
203937,Kyle Anderson,1610612750,0,3,44.16465133547904,3,2026,43,285
1641722,Jordan Hawkins,1610612740,0,3,44.11088813336086,3,2026,43,286
204456,T.J. McConnell,1610612754,0,3,44.108358346597186,3,2026,43,287
1641842,Ronald Holland II,1610612765,0,3,43.6956410107545,3,2026,43,288
1631212,Peyton Watson,1610612743,0,2,43.6051666567768,2,2026,43,289
1631121,Bryce McGowens,1610612740,0,3,43.412339793699424,3,2026,43,290
1642848,Tre Johnson,1610612764,0,3,43.38002052884227,3,2026,43,291
1629004,Svi Mykhailiuk,1610612762,0,3,43.22987823636567,3,2026,43,292
1629646,Charles Bassey,1610612744,0,3,43.15674475918877,3,2026,43,293
1641737,Adem Bona,1610612755,0,4,43.14254240361886,4,2026,43,294
1627747,Caris LeVert,1610612765,0,3,43.10142877420514,3,2026,43,295
1629018,Gary Trent Jr.,1610612749,0,3,43.0072061708828,3,2026,43,296
1629673,Jordan Poole,1610612740,0,3,42.832230243647246,3,2026,43,297
1630631,Jose Alvarado,1610612752,0,3,42.75497092827224,3,2026,43,298
1626172,Kevon Looney,1610612740,0,3,42.68129712278736,3,2026,43,299
1628415,Dillon Brooks,1610612756,0,2,42.59375973945272,2,2026,43,300
1642920,Kobe Sanders,1610612746,0,3,42.505889737238284,3,2026,43,301
1641750,Ryan Kalkbrenner,1610612766,0,3,42.296366328497236,3,2026,43,302
1641726,Dereck Lively II,1610612742,0,3,42.25731877500608,3,2026,43,303
1642273,Kyshawn George,1610612764,0,3,42.22668144386833,3,2026,43,304
1631288,Jamal Cain,1610612753,0,3,42.10421435537066,3,2026,43,305
202691,Klay Thompson,1610612742,0,3,42.01203516522791,3,2026,43,306
1642277,Johnny Furphy,1610612754,0,3,41.888229238888464,3,2026,43,307
203939,Dwight Powell,1610612742,0,3,41.117701317105514,3,2026,43,308
1631119,Jaylin Williams,1610612760,0,3,41.03591352702253,3,2026,43,309
1641715,Cam Whitmore,1610612764,0,3,40.99046678244761,3,2026,43,310
1629611,Terance Mann,1610612751,0,3,40.6424279540766,3,2026,43,311
1630241,Sam Merrill,1610612739,0,2,40.60649897919629,2,2026,43,312
1642345,Oso Ighodaro,1610612756,0,2,40.21624536873835,2,2026,43,313
1642281,Jaylon Tyson,1610612739,0,2,40.20815114904842,2,2026,43,314
1631109,Mark Williams,1610612756,0,2,40.151651543840615,2,2026,43,315
1631246,Vince Williams Jr.,1610612762,0,3,39.97044739374535,3,2026,43,316
1641710,Anthony Black,1610612753,0,3,39.55285783424195,3,2026,43,317
201567,Kevin Love,1610612762,0,3,39.34488041452685,3,2026,43,318
1642950,Lachlan Olbrich,1610612741,0,3,39.14416589288119,3,2026,43,319
1628971,Bruce Brown,1610612743,0,2,38.88045226287568,2,2026,43,320
1630191,Isaiah Stewart,1610612765,0,3,38.86028514602417,3,2026,43,321
1627746,Skal Labissiere,1610612764,0,3,38.83450282256119,3,2026,43,322
1641767,Ben Sheppard,1610612754,0,3,38.69015445387191,3,2026,43,323
201599,DeAndre Jordan,1610612740,0,3,38.4791386017487,3,2026,43,324
1631097,Bennedict Mathurin,1610612746,0,3,38.43770423368153,3,2026,43,325
1629632,Coby White,1610612766,0,3,38.40346902570395,3,2026,43,326
1642967,John Poulakidas,1610612742,0,3,38.24846878159144,3,2026,43,327
1641790,PJ Hall,1610612766,0,3,38.04268645917717,3,2026,43,328
203084,Harrison Barnes,1610612759,0,3,38.02758682147645,3,2026,43,329
1642857,Kasparas Jakučionis,1610612748,0,3,37.63613249753942,3,2026,43,330
1630692,Jordan Goodwin,1610612756,0,2,37.57682502005706,2,2026,43,331
1630540,Miles McBride,1610612752,0,3,37.35963798775556,3,2026,43,332
1630165,Killian Hayes,1610612758,0,3,37.35712559122118,3,2026,43,333
1628960,Grayson Allen,1610612756,0,2,37.10253955419651,2,2026,43,334
1628975,Jevon Carter,1610612753,0,3,36.57985215094166,3,2026,43,335
1629684,Grant Williams,1610612766,0,3,36.28431883036848,3,2026,43,336
1643133,Lawson Lovering,1610612763,0,3,35.643206414881604,3,2026,43,337
1629622,Max Strus,1610612739,0,2,35.61076463445205,2,2026,43,338
1631101,Shaedon Sharpe,1610612757,0,2,35.585056104746435,2,2026,43,339
1631165,Keon Ellis,1610612739,0,2,34.84328988887686,2,2026,43,340
1642877,Micah Peavy,1610612740,0,3,34.692189441975046,3,2026,43,341
1631466,Nate Williams,1610612744,0,3,34.53694915758059,3,2026,43,342
201144,Mike Conley,1610612750,0,3,34.4457937506329,3,2026,43,343
1630570,Trendon Watford,1610612755,0,4,34.331642075225844,4,2026,43,344
1641761,Grant Nelson,1610612751,0,3,34.065586438728836,3,2026,43,345
1630198,Isaiah Joe,1610612760,0,3,33.79129441478284,3,2026,43,346
1631221,Collin Gillespie,1610612756,0,2,33.567696430073354,2,2026,43,347
1643007,Taelon Peter,1610612754,0,3,33.30722173533091,3,2026,43,348
1629020,Jarred Vanderbilt,1610612747,0,3,33.2834074046796,3,2026,43,349
1630534,Ochai Agbaji,1610612751,0,3,33.26725489825924,3,2026,43,350
1642883,Sion James,1610612766,0,3,33.140805344543196,3,2026,43,351
1642880,Kam Jones,1610612754,0,3,32.97313316163771,3,2026,43,352
1630545,Terrence Shannon Jr,1610612750,0,3,32.768006747700106,3,2026,43,353
1641740,Jaylen Clark,1610612750,0,3,32.69959669034516,3,2026,43,354
1631243,Mouhamed Gueye,1610612737,0,3,32.567266064778295,3,2026,43,355
1629680,Matisse Thybulle,1610612757,0,2,32.540141430458014,2,2026,43,356
1642258,Zaccharie Risacher,1610612737,0,3,32.31486420066791,3,2026,43,357
1629057,Robert Williams III,1610612757,0,2,31.94763242143725,2,2026,43,358
1629234,Drew Eubanks,1610612758,0,3,31.8293282951857,3,2026,43,359
203114,Khris Middleton,1610612742,0,3,31.62909891767525,3,2026,43,360
1642868,Carter Bryant,1610612759,0,3,31.352217850246753,3,2026,43,361
1643018,LJ Cryer,1610612744,0,3,31.269933550241745,3,2026,43,362
203078,Bradley Beal,1610612746,0,3,31.150516830613324,3,2026,43,363
1630573,Sam Hauser,1610612738,0,2,30.997392080556057,2,2026,43,364
1642382,Branden Carlson,1610612760,0,3,30.955738736139573,3,2026,43,365
203926,Doug McDermott,1610612758,0,3,30.37102961287155,3,2026,43,366
1628997,Caleb Martin,1610612742,0,3,30.36291302905347,3,2026,43,367
203501,Tim Hardaway Jr.,1610612743,0,2,30.287438258804183,2,2026,43,368
1630568,Luka Garza,1610612738,0,2,30.250052766012683,2,2026,43,369
1631207,Dalen Terry,1610612755,0,4,30.094270009684813,4,2026,43,370
1642502,Malevy Leons,1610612744,0,3,29.595707771971547,3,2026,43,371
202696,Nikola Vučević,1610612738,0,2,29.520341878718135,2,2026,43,372
1630598,Aaron Wiggins,1610612760,0,3,29.0271213299358,3,2026,43,373
1631338,Mouhamadou Gueye,1610612741,0,3,28.87948918540908,3,2026,43,374
1626156,D'Angelo Russell,1610612742,0,3,28.58643012086616,3,2026,43,375
1641854,Craig Porter Jr.,1610612739,0,2,28.53365008162283,2,2026,43,376
1628998,Cody Martin,1610612754,0,3,28.41690523440557,3,2026,43,377
1626220,Royce O'Neale,1610612756,0,2,28.34162903110835,2,2026,43,378
203471,Dennis Schröder,1610612739,0,2,28.270050740173723,2,2026,43,379
202685,Jonas Valanciunas,1610612743,0,2,28.17377502554379,2,2026,43,380
203903,Jordan Clarkson,1610612752,0,3,28.00652850729046,3,2026,43,381
1627936,Alex Caruso,1610612760,0,3,27.961398388353413,3,2026,43,382
1629610,DaQuan Jeffries,1610612758,0,3,27.897540552942335,3,2026,43,383
1629013,Landry Shamet,1610612752,0,3,27.652536344579055,3,2026,43,384
1631323,Simone Fontecchio,1610612748,0,3,27.65162546466498,3,2026,43,385
1629731,Dean Wade,1610612739,0,2,27.583800532308377,2,2026,43,386
1631248,Baylor Scheierman,1610612738,0,2,26.951920217846222,2,2026,43,387
1642355,Bronny James,1610612747,0,3,26.869912532727277,3,2026,43,388
1642461,Spencer Jones,1610612743,0,2,26.41797897274838,2,2026,43,389
1642933,Keshon Gilbert,1610612737,0,3,25.8599699718176,3,2026,43,390
1629006,Josh Okogie,1610612745,0,3,25.802144541010136,3,2026,43,391
1631200,Kris Murray,1610612757,0,2,25.735649091412192,2,2026,43,392
1642352,Keshad Johnson,1610612748,0,3,25.558977330826245,3,2026,43,393
1642275,Tidjane Salaün,1610612766,0,3,25.38644660408437,3,2026,43,394
1629634,Brandon Clarke,1610612763,0,3,24.864363124418745,3,2026,43,395
1642346,Ryan Dunn,1610612756,0,2,24.751475657160626,2,2026,43,396
1628988,Aaron Holiday,1610612745,0,3,24.491413740937357,3,2026,43,397
1642260,Nikola Topić,1610612760,0,3,24.47048783973247,3,2026,43,398
1642866,Joan Beringer,1610612750,0,3,24.25455021232291,3,2026,43,399
1641775,Jordan Walsh,1610612738,0,2,24.187205190550095,2,2026,43,400
1628418,Thomas Bryant,1610612739,0,2,24.002424412262556,2,2026,43,401
1641815,Isaiah Stevens,1610612758,0,3,23.377854894552556,3,2026,43,402
1631124,Julian Strawther,1610612743,0,2,22.901314381642955,2,2026,43,403
203552,Seth Curry,1610612744,0,3,22.334939149297785,3,2026,43,404
1630560,Cam Thomas,1610612749,0,3,22.31723135641104,3,2026,43,405
1641748,Andre Jackson Jr.,1610612749,0,3,22.17607269488859,3,2026,43,406
1629026,Kenrich Williams,1610612760,0,3,22.01907578914689,3,2026,43,407
1642272,Jared McCain,1610612760,0,3,21.00437243322848,3,2026,43,408
1630175,Cole Anthony,1610612749,0,3,20.842759652569093,3,2026,43,409
101108,Chris Paul,1610612746,0,3,20.736592088118257,3,2026,43,410
1642863,Khaman Maluach,1610612756,0,2,20.724219613215844,2,2026,43,411
1641724,Jett Howard,1610612753,0,3,20.67581159995916,3,2026,43,412
203991,Clint Capela,1610612745,0,3,20.621967582749967,3,2026,43,413
1630526,Jeremiah Robinson-Earl,1610612742,0,3,20.550864282753064,3,2026,43,414
1628366,Lonzo Ball,1610612739,0,2,20.34926404827632,2,2026,43,415
1629216,Gabe Vincent,1610612737,0,3,20.3061148154241,3,2026,43,416
1630249,Vít Krejčí,1610612757,0,2,20.140540179061,2,2026,43,417
1631116,Patrick Baldwin Jr.,1610612758,0,3,19.709692139012088,3,2026,43,418
1629312,Haywood Highsmith,1610612756,0,2,19.528663078351563,2,2026,43,419
201569,Eric Gordon,1610612755,0,4,19.515957012536393,4,2026,43,420
1630644,Mac McClung,1610612741,0,3,19.203333408343497,3,2026,43,421
1642348,Justin Edwards,1610612755,0,4,19.18141497055384,4,2026,43,422
1631166,Drew Timme,1610612747,0,3,19.129782944976515,3,2026,43,423
1630164,James Wiseman,1610612754,0,3,19.069717235286717,3,2026,43,424
1642530,Yuki Kawamura,1610612741,0,3,18.937406104793062,3,2026,43,425
1642954,Will Richard,1610612744,0,3,18.56166720663908,3,2026,43,426
1630557,Corey Kispert,1610612737,0,3,18.46930264381868,3,2026,43,427
1627827,Dorian Finney-Smith,1610612745,0,3,18.221051013278064,3,2026,43,428
1641772,Nae'Qwan Tomlin,1610612739,0,2,18.214989655233683,2,2026,43,429
1630639,A.J. Lawson,1610612761,0,3,17.423254687703494,3,2026,43,430
203914,Gary Harris,1610612749,0,3,16.933892862483983,3,2026,43,431
1642964,Brooks Barnhizer,1610612760,0,3,16.259838621824994,3,2026,43,432
1642449,Tolu Smith,1610612765,0,3,16.120166023672816,3,2026,43,433
1642853,Rasheer Fleming,1610612756,0,2,16.079703826496974,2,2026,43,434
1641890,Tyler Smith,1610612742,0,3,15.745223016422123,3,2026,43,435
1630699,MarJon Beauchamp,1610612755,0,4,15.583084797406803,4,2026,43,436
1629726,Garrison Mathews,1610612754,0,3,15.417899299945464,3,2026,43,437
1628964,Mo Bamba,1610612762,0,3,15.325141426576169,3,2026,43,438
203992,Bogdan Bogdanović,1610612746,0,3,15.294415081397483,3,2026,43,439
1631223,David Roddy,1610612743,0,2,14.963019107213078,2,2026,43,440
1642878,Tyrese Proctor,1610612739,0,2,14.724808438667978,2,2026,43,441
1630256,Jae'Sean Tate,1610612745,0,3,14.632274689877558,3,2026,43,442
1631103,Malaki Branham,1610612764,0,3,14.400155755495444,3,2026,43,443
1628371,Jonathan Isaac,1610612753,0,3,14.08001231182318,3,2026,43,444
1641725,Trey Alexander,1610612740,0,3,13.570282255023308,3,2026,43,445
1626204,Larry Nance Jr.,1610612739,0,2,13.563011468443122,2,2026,43,446
1628467,Maxi Kleber,1610612747,0,3,13.557179583768855,3,2026,43,447
1630696,Dru Smith,1610612748,0,3,13.076162582029722,3,2026,43,448
1641733,Nick Smith Jr.,1610612747,0,3,12.97383401820247,3,2026,43,449
1642939,Miles Kelly,1610612742,0,3,12.838235685365351,3,2026,43,450
1631120,JD Davison,1610612745,0,3,12.82843445017512,3,2026,43,451
1642358,AJ Johnson,1610612742,0,3,12.755235224083313,3,2026,43,452
1631133,Jabari Walker,1610612755,0,4,12.317360678159304,4,2026,43,453
1642367,Jonathan Mogbo,1610612761,0,3,12.223240142741668,3,2026,43,454
1630574,Ariel Hukporti,1610612752,0,3,12.180683708553552,3,2026,43,455
1628449,Chris Boucher,1610612738,0,2,12.07174112488811,2,2026,43,456
1631213,Tyrese Martin,1610612755,0,4,12.043603204093108,4,2026,43,457
200768,Kyle Lowry,1610612755,0,4,11.716343708176955,4,2026,43,458
1642862,Liam McNeeley,1610612766,0,3,11.545482105183291,3,2026,43,459
1641711,Gradey Dick,1610612761,0,3,11.494529378269135,3,2026,43,460
1628396,Tony Bradley,1610612737,0,3,11.364580373121026,3,2026,43,461
203486,Mason Plumlee,1610612759,0,3,11.150100374525998,3,2026,43,462
201959,Taj Gibson,1610612763,0,3,11.0967483051216,3,2026,43,463
1642911,Rocco Zikarsky,1610612750,0,3,10.992875331599151,3,2026,43,464
1628420,Monte Morris,1610612754,0,3,10.937774306747311,3,2026,43,465
1631111,Wendell Moore Jr.,1610612765,0,3,10.819471842401905,3,2026,43,466
1642419,Jamison Battle,1610612761,0,3,10.649874295712396,3,2026,43,467
1629162,Jordan McLaughlin,1610612759,0,3,10.643958775050034,3,2026,43,468
1631132,Christian Koloko,1610612737,0,3,10.634476466353089,3,2026,43,469
1631107,Nikola Jović,1610612748,0,3,10.593133961598106,3,2026,43,470
203967,Dario Saric,1610612758,0,3,10.5532021253655,3,2026,43,471
1629021,Moritz Wagner,1610612753,0,3,10.523873589101408,3,2026,43,472
1631204,Marcus Sasser,1610612765,0,3,10.471030722945606,3,2026,43,473
1642876,Adou Thiero,1610612747,0,3,10.174760998233912,3,2026,43,474
1642362,Payton Sandfort,1610612760,0,3,10.04191281455438,3,2026,43,475
1630214,Xavier Tillman,1610612766,0,3,10.029514720632266,3,2026,43,476
1642885,Mohamed Diawara,1610612752,0,3,9.873525926300594,3,2026,43,477
1631110,Jeremy Sochan,1610612752,0,3,9.795734952862592,3,2026,43,478
1641871,Duop Reath,1610612757,0,2,9.75590518740034,2,2026,43,479
1627741,Buddy Hield,1610612737,0,3,9.67168335285831,3,2026,43,480
1643024,Chris Mañon,1610612747,0,3,9.4486120550998,3,2026,43,481
1642353,Cam Christie,1610612746,0,3,9.16892357162601,3,2026,43,482
201587,Nicolas Batum,1610612746,0,3,9.11036674363192,3,2026,43,483
204060,Joe Ingles,1610612750,0,3,9.099304264249897,3,2026,43,484
1642384,Isaiah Crawford,1610612745,0,3,9.01917738656865,3,2026,43,485
1630192,Zeke Nnaji,1610612743,0,2,8.898587429028035,2,2026,43,486
1641803,Tristen Newton,1610612745,0,3,8.741224295489335,3,2026,43,487
1629618,Jalen Pickett,1610612743,0,2,8.712790625489141,2,2026,43,488
1642869,Noah Penda,1610612753,0,3,8.711925551649758,3,2026,43,489
1642368,N'Faly Dante,1610612737,0,3,8.696813750917077,3,2026,43,490
1641807,Norchad Omier,1610612746,0,3,8.689894516066357,3,2026,43,491
1642854,Asa Newell,1610612737,0,3,8.662277312132773,3,2026,43,492
1642859,Jase Richardson,1610612753,0,3,8.520405423335351,3,2026,43,493
1631247,Luke Travers,1610612739,0,2,8.514458948947752,2,2026,43,494
1641810,Antonio Reeves,1610612766,0,3,8.509231401013883,3,2026,43,495
1641801,Emanuel Miller,1610612741,0,3,8.359275050418594,3,2026,43,496
1631115,Orlando Robinson,1610612753,0,3,8.357605682668833,3,2026,43,497
201145,Jeff Green,1610612745,0,3,8.286724922424334,3,2026,43,498
1629599,Amir Coffey,1610612756,0,2,8.280101089976043,2,2026,43,499
1630209,Omer Yurtseven,1610612744,0,3,8.264940116766695,3,2026,43,500
1630548,Johnny Juzang,1610612750,0,3,8.257498547805419,3,2026,43,501
1630322,Lindy Waters III,1610612759,0,3,8.236303136401231,3,2026,43,502
203482,Kelly Olynyk,1610612759,0,3,8.00906524889559,3,2026,43,503
1631216,Caleb Houstan,1610612737,0,3,8.000752519945012,3,2026,43,504
1643257,Jayson Kent,1610612757,0,2,7.993049245629807,2,2026,43,505
1628365,Markelle Fultz,1610612761,0,3,7.900941981241166,3,2026,43,506
1631210,Jacob Toppin,1610612737,0,3,7.832984490309939,3,2026,43,507
1626192,Pat Connaughton,1610612766,0,3,7.773624844262995,3,2026,43,508
1642066,Myron Gardner,1610612748,0,3,7.662676927502411,3,2026,43,509
1642959,Chris Youngblood,1610612757,0,2,7.652402137169615,2,2026,43,510
1631218,Trayce Jackson-Davis,1610612761,0,3,7.604316411511504,3,2026,43,511
1631457,Alex Morales,1610612753,0,3,7.47013841663233,3,2026,43,512
1631126,Caleb Love,1610612757,0,2,7.445581643705205,2,2026,43,513
1642261,Dalton Knecht,1610612747,0,3,7.261967762533306,3,2026,43,514
1642357,David Jones Garcia,1610612759,0,3,7.232493651365622,3,2026,43,515
1643060,Hayden Gray,1610612762,0,3,7.200145484204566,3,2026,43,516
1642404,Chaz Lanier,1610612765,0,3,7.078312508650959,3,2026,43,517
1641816,Hunter Tyson,1610612743,0,2,7.045117226745312,2,2026,43,518
1642400,Tristan Enaruna,1610612739,0,2,7.028866931195515,2,2026,43,519
1630811,Keaton Wallace,1610612737,0,3,6.943622423686568,3,2026,43,520
1631199,Ron Harper Jr.,1610612738,0,2,6.853554312978084,2,2026,43,521
1641780,Johni Broome,1610612755,0,4,6.826386047903782,4,2026,43,522
1642951,Sean Pedulla,1610612746,0,3,6.7943610356737905,3,2026,43,523
1642278,Tyler Kolek,1610612752,0,3,6.666793769711773,3,2026,43,524
1641747,DaRon Holmes II,1610612743,0,2,6.665893054777969,2,2026,43,525
1641763,Julian Phillips,1610612750,0,3,6.5276812919549725,3,2026,43,526
1641809,Drew Peterson,1610612766,0,3,6.384027486478429,3,2026,43,527
1641753,Chris Livingston,1610612739,0,2,6.375236853718466,2,2026,43,528
1641723,Kobe Bufkin,1610612747,0,3,6.3215762904412,3,2026,43,529
1631123,Jamaree Bouyea,1610612756,0,2,6.252895759087,2,2026,43,530
1642938,Curtis Jones,1610612743,0,2,6.239754266642294,2,2026,43,531
202687,Bismack Biyombo,1610612759,0,3,6.200950559186047,3,2026,43,532
1641732,Colby Jones,1610612765,0,3,6.129738714328259,3,2026,43,533
1626145,Tyus Jones,1610612743,0,2,6.111760720298465,2,2026,43,534
1631321,Sidy Cissoko,1610612757,0,2,6.0978206204742875,2,2026,43,535
1642905,Yang Hansen,1610612757,0,2,5.984366967017667,2,2026,43,536
1630544,Tre Mann,1610612766,0,3,5.975582380976688,3,2026,43,537
1642918,Alijah Martin,1610612761,0,3,5.958560042371947,3,2026,43,538
1642434,Riley Minix,1610612739,0,2,5.950713528159791,2,2026,43,539
1642873,Amari Williams,1610612738,0,2,5.807694715928685,2,2026,43,540
1630621,Hunter Dickinson,1610612740,0,3,5.747733980874405,3,2026,43,541
1630182,Josh Green,1610612766,0,3,5.68289184953321,3,2026,43,542
1641813,Mark Sears,1610612749,0,3,5.6179361407745905,3,2026,43,543
1641752,Bobi Klintman,1610612765,0,3,5.542235678839127,3,2026,43,544
1631127,Harrison Ingram,1610612759,0,3,5.5250116757986065,3,2026,43,545
1642354,KJ Simpson,1610612743,0,2,5.3801090998166625,2,2026,43,546
1630846,Olivier Sarr,1610612739,0,2,5.254355845965407,2,2026,43,547
1642359,Pacôme Dadiet,1610612752,0,3,4.971278675357263,3,2026,43,548
1642864,Hugo González,1610612738,0,2,4.8732555699309446,2,2026,43,549
1642484,RayJ Dennis,1610612737,0,3,4.8367396634334785,3,2026,43,550
1631104,Blake Wesley,1610612757,0,2,4.793060709278515,2,2026,43,551
1631102,TyTy Washington Jr.,1610612746,0,3,4.782879515474402,3,2026,43,552
1630658,Colin Castleton,1610612753,0,3,4.766210861256125,3,2026,43,553
1642403,Isaac Jones,1610612765,0,3,4.660104511135709,3,2026,43,554
1641998,Trey Jemison III,1610612752,0,3,4.613104520756295,3,2026,43,555
203648,Thanasis Antetokounmpo,1610612749,0,3,4.577747324775529,3,2026,43,556
1641787,Tosan Evbuomwan,1610612752,0,3,4.498959529989923,3,2026,43,557
1642855,Noa Essengue,1610612741,0,3,4.498405955149875,3,2026,43,558
1642884,Vladislav Goldin,1610612748,0,3,4.410456898329986,3,2026,43,559
1642935,Chucky Hepburn,1610612761,0,3,4.302898109389839,3,2026,43,560
1628502,Nigel Hayes-Davis,1610612756,0,2,4.234710323389557,2,2026,43,561
1630828,Alex Antetokounmpo,1610612749,0,3,4.204394452092331,3,2026,43,562
1643141,Jahmyl Telfort,1610612746,0,3,4.201565331382509,3,2026,43,563
1642443,Jahmir Young,1610612748,0,3,4.151056441572071,3,2026,43,564
1631205,Buddy Boeheim,1610612760,0,3,4.047996633327487,3,2026,43,565
1630625,Dalano Banton,1610612738,0,2,3.957805424115743,2,2026,43,566
1630587,Isaiah Livers,1610612756,0,2,3.900623063698614,2,2026,43,567
1641794,Dillon Jones,1610612752,0,3,3.820317936406013,3,2026,43,568
202066,Garrett Temple,1610612761,0,3,3.764837478347012,3,2026,43,569
1641755,Kevin McCullar Jr.,1610612752,0,3,3.617120577482004,3,2026,43,570
1642468,Darius Brown II,1610612739,0,2,3.5345683052118693,2,2026,43,571
1642402,Enrique Freeman,1610612750,0,3,3.478315429998209,3,2026,43,572
1642282,Hunter Sallis,1610612755,0,4,3.1517091597261087,4,2026,43,573
1642886,Koby Brea,1610612756,0,2,3.1319661947856554,2,2026,43,574
1642389,Zyon Pullin,1610612750,0,3,2.8842647753001422,3,2026,43,575
1642917,Max Shulga,1610612738,0,2,2.8262158629837817,2,2026,43,576
1631451,Javonte Cooke,1610612757,0,2,1.9468020067222116,2,2026,43,577
1643047,CJ Huntley,1610612756,0,2,1.837656725430458,2,2026,43,578
1630649,Stanley Umude,1610612759,0,3,1.232175459407324,3,2026,43,579
1642910,John Tonje,1610612738,0,2,1.2034208783178666,2,2026,43,580
1631211,Trevor Keels,1610612748,0,3,1.0906297097535833,3,2026,43,581
1642280,Trentyn Flowers,1610612741,0,3,1.0444531673213224,3,2026,43,582
1629029,Luka Dončić,1610612747,0,3,142.9813691829566,3,2026,44,1
2544,LeBron James,1610612747,0,3,131.7947153815277,3,2026,44,2
203954,Joel Embiid,1610612755,0,3,130.4431142633734,3,2026,44,3
1630578,Alperen Sengun,1610612745,0,3,128.89958463565557,3,2026,44,4
202695,Kawhi Leonard,1610612746,0,3,124.2934646990298,3,2026,44,5
201142,Kevin Durant,1610612745,0,3,123.342905318444,3,2026,44,6
1630552,Jalen Johnson,1610612737,0,3,119.99143325934162,3,2026,44,7
201935,James Harden,1610612739,0,3,117.75866516124694,3,2026,44,8
1630596,Evan Mobley,1610612739,0,3,114.5592688221949,3,2026,44,9
1630178,Tyrese Maxey,1610612755,0,3,111.35811262856429,3,2026,44,10
1630567,Scottie Barnes,1610612761,0,3,111.2976027772453,3,2026,44,11
1628378,Donovan Mitchell,1610612739,0,3,110.03699724237045,3,2026,44,12
1630162,Anthony Edwards,1610612750,0,3,109.58296845244884,3,2026,44,13
1630700,Dyson Daniels,1610612737,0,3,109.46951345694671,3,2026,44,14
202710,Jimmy Butler III,1610612744,0,3,107.67221700498052,3,2026,44,15
1630163,LaMelo Ball,1610612766,0,3,104.69072383844426,3,2026,44,16
1629636,Darius Garland,1610612746,0,3,101.82622939037896,3,2026,44,17
1630559,Austin Reaves,1610612747,0,3,101.33956104086066,3,2026,44,18
1641705,Victor Wembanyama,1610612759,0,2,100.3558173497906,2,2026,44,19
203944,Julius Randle,1610612750,0,3,98.99275616566248,3,2026,44,20
1629638,Nickeil Alexander-Walker,1610612737,0,3,98.70715729911274,3,2026,44,21
1630245,Ayo Dosunmu,1610612750,0,3,97.75939029761687,3,2026,44,22
1642845,VJ Edgecombe,1610612755,0,3,96.58722675395607,3,2026,44,23
1630530,Trey Murphy III,1610612740,0,3,96.52507491346856,3,2026,44,24
202331,Paul George,1610612755,0,3,95.98784976099006,3,2026,44,25
1642847,Jeremiah Fears,1610612740,0,3,94.55960449500152,3,2026,44,26
1642843,Cooper Flagg,1610612742,0,2,93.83596584528212,2,2026,44,27
203999,Nikola Jokić,1610612743,0,2,92.83429551068276,2,2026,44,28
1631094,Paolo Banchero,1610612753,0,3,92.60338777210823,3,2026,44,29
203497,Rudy Gobert,1610612750,0,3,92.52123334947196,3,2026,44,30
203468,CJ McCollum,1610612737,0,3,91.94673264024172,3,2026,44,31
1629628,RJ Barrett,1610612761,0,3,90.6419196390114,3,2026,44,32
1627742,Brandon Ingram,1610612761,0,3,90.20887700629105,3,2026,44,33
1641708,Amen Thompson,1610612745,0,3,89.22219348278252,3,2026,44,34
1627783,Pascal Siakam,1610612754,0,3,89.1912625004609,3,2026,44,35
1629614,Andrew Nembhard,1610612754,0,3,88.97701904971177,3,2026,44,36
1627749,Dejounte Murray,1610612740,0,3,87.88830085249057,3,2026,44,37
1630180,Saddiq Bey,1610612740,0,3,87.34187905153567,3,2026,44,38
1629627,Zion Williamson,1610612740,0,3,85.835128238842,3,2026,44,39
1630591,Jalen Suggs,1610612753,0,3,85.76596758333065,3,2026,44,40
1641764,Brandin Podziemski,1610612744,0,3,84.69218240934872,3,2026,44,41
201572,Brook Lopez,1610612746,0,3,83.52743161358866,3,2026,44,42
1628386,Jarrett Allen,1610612739,0,3,82.92138323421626,3,2026,44,43
1631117,Walker Kessler,1610612762,0,2,82.73496783682471,2,2026,44,44
1628983,Shai Gilgeous-Alexander,1610612760,0,2,82.20278479539799,2,2026,44,45
1641706,Brandon Miller,1610612766,0,3,82.0526554092436,3,2026,44,46
1628970,Miles Bridges,1610612766,0,3,81.93642209846,3,2026,44,47
201939,Stephen Curry,1610612744,0,3,81.61579449610352,3,2026,44,48
1630217,Desmond Bane,1610612753,0,3,80.81576927480843,3,2026,44,49
1630581,Josh Giddey,1610612741,0,2,80.52577713320696,2,2026,44,50
1630166,Deni Avdija,1610612757,0,2,80.10600972502533,2,2026,44,51
1630168,Onyeka Okongwu,1610612737,0,3,79.8679665097614,3,2026,44,52
203110,Draymond Green,1610612744,0,3,79.23935714044981,3,2026,44,53
203507,Giannis Antetokounmpo,1610612749,0,2,78.74545146944524,2,2026,44,54
1627759,Jaylen Brown,1610612738,0,2,78.61349909942979,2,2026,44,55
1642852,Derik Queen,1610612740,0,3,78.14443808290065,3,2026,44,56
1629645,Kevin Porter Jr.,1610612749,0,2,77.70121515543696,2,2026,44,57
1628369,Jayson Tatum,1610612738,0,2,77.41039068266173,2,2026,44,58
1631095,Jabari Smith Jr.,1610612745,0,3,77.34186030008448,3,2026,44,59
1641716,Jarace Walker,1610612754,0,3,76.45745409217491,3,2026,44,60
203994,Jusuf Nurkić,1610612762,0,2,76.09130557581406,2,2026,44,61
203076,Anthony Davis,1610612742,0,2,75.28802559984918,2,2026,44,62
1630183,Jaden McDaniels,1610612750,0,3,74.23030888870814,3,2026,44,63
1626157,Karl-Anthony Towns,1610612752,0,2,73.88791570828667,2,2026,44,64
1631157,Ryan Rollins,1610612749,0,2,73.87442616460008,2,2026,44,65
204001,Kristaps Porziņģis,1610612744,0,3,73.73631576954679,3,2026,44,66
1630538,Bones Hyland,1610612750,0,3,73.51121661651922,3,2026,44,67
1631105,Jalen Duren,1610612765,0,2,72.97918940428318,2,2026,44,68
1630193,Immanuel Quickley,1610612761,0,3,72.5797466231455,3,2026,44,69
1630541,Moses Moody,1610612744,0,3,72.08159826838101,3,2026,44,70
1630611,Gui Santos,1610612744,0,3,71.15366612553328,3,2026,44,71
1628973,Jalen Brunson,1610612752,0,2,71.07335155098416,2,2026,44,72
1628379,Luke Kennard,1610612747,0,3,70.1573623603985,3,2026,44,73
1627750,Jamal Murray,1610612743,0,2,68.7812680451208,2,2026,44,74
1631217,Moussa Diabaté,1610612766,0,3,67.64788134070413,3,2026,44,75
1628389,Bam Adebayo,1610612748,0,2,67.54242022125958,2,2026,44,76
1627826,Ivica Zubac,1610612754,0,3,67.4363961521621,3,2026,44,77
1630643,Jay Huff,1610612754,0,3,67.26092893454279,3,2026,44,78
1642264,Stephon Castle,1610612759,0,2,67.14679088445132,2,2026,44,79
1629639,Tyler Herro,1610612748,0,2,67.03212676124195,2,2026,44,80
1629028,Deandre Ayton,1610612747,0,3,66.9189844307036,3,2026,44,81
1630595,Cade Cunningham,1610612765,0,2,66.43721990644154,2,2026,44,82
1631222,Jake LaRavia,1610612747,0,3,66.2794520189645,3,2026,44,83
1642867,Collin Murray-Boyles,1610612761,0,3,66.19542148528426,3,2026,44,84
1626162,Kelly Oubre Jr.,1610612755,0,3,65.5885689196403,3,2026,44,85
1630200,Tre Jones,1610612741,0,2,64.97626805968136,2,2026,44,86
1629723,John Konchar,1610612762,0,2,64.93773973847189,2,2026,44,87
1642860,Will Riley,1610612764,0,2,64.5663719914618,2,2026,44,88
1628991,Jaren Jackson Jr.,1610612762,0,2,64.45325480814907,2,2026,44,89
1642271,Kyle Filipowski,1610612762,0,2,64.37395836835258,2,2026,44,90
1641771,Jalen Slawson,1610612754,0,3,64.14769877308191,3,2026,44,91
1642882,Julian Reese,1610612764,0,2,63.537193323015096,2,2026,44,92
1627734,Domantas Sabonis,1610612758,0,2,62.63071905669137,2,2026,44,93
1642263,Reed Sheppard,1610612745,0,3,62.540682512858886,3,2026,44,94
1631214,Alondes Williams,1610612764,0,2,62.45670797104317,2,2026,44,95
201942,DeMar DeRozan,1610612758,0,2,62.3246296267652,2,2026,44,96
1641744,Zach Edey,1610612763,0,2,62.2264179464935,2,2026,44,97
1630167,Obi Toppin,1610612754,0,3,62.173092145905194,3,2026,44,98
1641709,Ausar Thompson,1610612765,0,2,61.92559540654827,2,2026,44,99
1641729,Brice Sensabaugh,1610612762,0,2,61.91609267901461,2,2026,44,100
1631106,Tari Eason,1610612745,0,3,61.237726519021855,3,2026,44,101
203935,Marcus Smart,1610612747,0,3,61.1340211929395,3,2026,44,102
1628374,Lauri Markkanen,1610612762,0,2,60.70038035301231,2,2026,44,103
1630241,Sam Merrill,1610612739,0,3,60.649506707132886,3,2026,44,104
201566,Russell Westbrook,1610612758,0,2,60.636788880225566,2,2026,44,105
1630695,Micah Potter,1610612754,0,3,60.634968757085005,3,2026,44,106
1629060,Rui Hachimura,1610612747,0,3,60.54342102811896,3,2026,44,107
1629675,Naz Reid,1610612750,0,3,60.53244457297835,3,2026,44,108
1629008,Michael Porter Jr.,1610612751,0,2,60.50848082570977,2,2026,44,109
1629661,Cameron Johnson,1610612743,0,2,60.35200539418202,2,2026,44,110
1628381,John Collins,1610612746,0,3,60.233543591942706,3,2026,44,111
1642846,Ace Bailey,1610612762,0,2,60.079027377495,2,2026,44,112
1630572,Sandro Mamukelashvili,1610612761,0,3,60.0781375281771,3,2026,44,113
1628978,Donte DiVincenzo,1610612750,0,3,60.06266575684554,3,2026,44,114
1642281,Jaylon Tyson,1610612739,0,3,59.92262405486347,3,2026,44,115
1642274,Yves Missi,1610612740,0,3,58.905246416798974,3,2026,44,116
1630202,Payton Pritchard,1610612738,0,2,58.71428092994691,2,2026,44,117
1642851,Kon Knueppel,1610612766,0,3,57.97762155523881,3,2026,44,118
1630679,Ethan Thompson,1610612754,0,3,57.970034965789495,3,2026,44,119
1642450,Daniss Jenkins,1610612765,0,2,57.94583230266535,2,2026,44,120
1630230,Naji Marshall,1610612742,0,2,57.92713097959109,2,2026,44,121
1627751,Jakob Poeltl,1610612761,0,3,57.847740509462845,3,2026,44,122
1642490,Josh Oduro,1610612740,0,3,57.81358508910205,3,2026,44,123
1630174,Aaron Nesmith,1610612754,0,3,57.59346971812464,3,2026,44,124
1629111,Jock Landale,1610612737,0,3,57.29842299200492,3,2026,44,125
1641824,Matas Buzelis,1610612741,0,2,57.236225772025016,2,2026,44,126
1628404,Josh Hart,1610612752,0,2,57.20509961495668,2,2026,44,127
1631245,Quenton Jackson,1610612754,0,3,57.0666892806119,3,2026,44,128
201950,Jrue Holiday,1610612757,0,2,56.59394210970549,2,2026,44,129
1628368,De'Aaron Fox,1610612759,0,2,56.12201793194373,2,2026,44,130
1643016,Bez Mbeng,1610612762,0,2,55.73208483775111,2,2026,44,131
1642266,Ja'Kobe Walter,1610612761,0,3,55.67542065439042,3,2026,44,132
1641738,Kobe Brown,1610612754,0,3,55.6170587303532,3,2026,44,133
1631159,Leonard Miller,1610612741,0,2,55.53802696588546,2,2026,44,134
1628976,Wendell Carter Jr.,1610612753,0,3,55.41918313077022,3,2026,44,135
1641718,Keyonte George,1610612762,0,2,55.306117795901656,2,2026,44,136
1642875,Maxime Raynaud,1610612758,0,2,55.26620976256013,2,2026,44,137
1631096,Chet Holmgren,1610612760,0,2,55.259141726911935,2,2026,44,138
1642268,Isaiah Collier,1610612762,0,2,55.086775027622686,2,2026,44,139
1629001,De'Anthony Melton,1610612744,0,3,54.87915621871868,3,2026,44,140
1641757,Jordan Miller,1610612746,0,3,54.857155335570305,3,2026,44,141
1630228,Jonathan Kuminga,1610612737,0,3,54.82650881600236,3,2026,44,142
1629674,Neemias Queta,1610612738,0,2,54.81821743059616,2,2026,44,143
1629630,Ja Morant,1610612763,0,2,54.7488625476051,2,2026,44,144
1629660,Ty Jerome,1610612763,0,2,53.8120938854221,2,2026,44,145
1641739,Toumani Camara,1610612757,0,2,53.763470018827746,2,2026,44,146
1642844,Dylan Harper,1610612759,0,2,53.6244751589565,2,2026,44,147
203500,Steven Adams,1610612745,0,3,53.212264905192406,3,2026,44,148
1642270,Donovan Clingan,1610612757,0,2,53.18871539469261,2,2026,44,149
1630532,Franz Wagner,1610612753,0,3,53.13054445037272,3,2026,44,150
1629622,Max Strus,1610612739,0,3,53.07044742460455,3,2026,44,151
1631170,Jaime Jaquez Jr.,1610612748,0,2,52.68595622431893,2,2026,44,152
1631113,Kennedy Chandler,1610612762,0,2,52.36081039979373,2,2026,44,153
1630579,Jericho Sims,1610612749,0,2,52.074904166777635,2,2026,44,154
1631165,Keon Ellis,1610612739,0,3,51.96868478978704,3,2026,44,155
1642262,Cody Williams,1610612762,0,2,51.771049493237406,2,2026,44,156
1629048,Goga Bitadze,1610612753,0,3,51.69556852112579,3,2026,44,157
1627752,Taurean Prince,1610612749,0,2,51.476308721369165,2,2026,44,158
203924,Jerami Grant,1610612757,0,2,51.27072276325212,2,2026,44,159
1626171,Bobby Portis Jr.,1610612749,0,2,51.21746677923282,2,2026,44,160
203083,Andre Drummond,1610612755,0,3,50.974332943866486,3,2026,44,161
1631260,AJ Green,1610612749,0,2,50.87153914350591,2,2026,44,162
1630529,Herbert Jones,1610612740,0,3,50.79383242324791,3,2026,44,163
1627739,Kris Dunn,1610612746,0,3,50.530242259371555,3,2026,44,164
1631172,Ousmane Dieng,1610612749,0,2,50.416774119542005,2,2026,44,165
1629637,Jaxson Hayes,1610612747,0,3,50.37135361477623,3,2026,44,166
1629012,Collin Sexton,1610612741,0,2,50.225206389753126,2,2026,44,167
201143,Al Horford,1610612744,0,3,50.17329089030801,3,2026,44,168
1627884,Derrick Jones Jr.,1610612746,0,3,50.09680083237366,3,2026,44,169
1630583,Santi Aldama,1610612763,0,2,49.77550200877388,2,2026,44,170
1642366,Quinten Post,1610612744,0,3,49.628807730712346,3,2026,44,171
1629023,P.J. Washington,1610612742,0,2,49.35860926533172,2,2026,44,172
1641783,Tristan da Silva,1610612753,0,3,48.9926448831593,3,2026,44,173
1641712,Rayan Rupert,1610612763,0,2,48.895850089062506,2,2026,44,174
1630543,Isaiah Jackson,1610612746,0,3,48.79550272877586,3,2026,44,175
1642347,Jamal Shead,1610612761,0,3,48.66462905807776,3,2026,44,176
1642949,Yanic Konan Niederhäuser,1610612746,0,3,48.55105662754155,3,2026,44,177
1630311,Pat Spencer,1610612744,0,3,48.1850575664149,3,2026,44,178
1631128,Christian Braun,1610612743,0,2,48.01600445608266,2,2026,44,179
1642363,Nique Clifford,1610612758,0,2,47.71316166117359,2,2026,44,180
1631230,Dominick Barlow,1610612755,0,3,47.62400998475092,3,2026,44,181
1641989,Elijah Harkless,1610612762,0,2,47.15968487162843,2,2026,44,182
1642269,Devin Carter,1610612758,0,2,47.08471276020413,2,2026,44,183
1630703,Scoot Henderson,1610612757,0,2,47.03911974223031,2,2026,44,184
202699,Tobias Harris,1610612765,0,2,46.74611110392252,2,2026,44,185
1629027,Trae Young,1610612764,0,2,46.70684299667134,2,2026,44,186
1631114,Jalen Williams,1610612760,0,2,46.55419548372231,2,2026,44,187
203952,Andrew Wiggins,1610612748,0,2,46.358151955184795,2,2026,44,188
1641713,GG Jackson,1610612763,0,2,46.32857390073336,2,2026,44,189
1628384,OG Anunoby,1610612752,0,2,46.15093661816884,2,2026,44,190
203897,Zach LaVine,1610612758,0,2,46.11385644577426,2,2026,44,191
1627780,Gary Payton II,1610612744,0,3,45.91069776947039,3,2026,44,192
1629014,Anfernee Simons,1610612741,0,2,45.445089786575295,2,2026,44,193
1641722,Jordan Hawkins,1610612740,0,3,45.18681712779767,3,2026,44,194
1631255,Karlo Matković,1610612740,0,3,45.07932564246596,3,2026,44,195
1631131,Oscar Tshiebwe,1610612762,0,2,44.98370300101957,2,2026,44,196
204456,T.J. McConnell,1610612754,0,3,44.974011848892246,3,2026,44,197
1630173,Precious Achiuwa,1610612758,0,2,44.96579615344049,2,2026,44,198
203937,Kyle Anderson,1610612750,0,3,44.67974356680502,3,2026,44,199
1631121,Bryce McGowens,1610612740,0,3,44.67769633204472,3,2026,44,200
1628398,Kyle Kuzma,1610612749,0,2,44.52451141725071,2,2026,44,201
1641796,Pelle Larsson,1610612748,0,2,44.46926694664772,2,2026,44,202
1630264,Anthony Gill,1610612764,0,2,44.44262248484854,2,2026,44,203
1631099,Keegan Murray,1610612758,0,2,44.32663157213684,2,2026,44,204
1628401,Derrick White,1610612738,0,2,44.32213386342171,2,2026,44,205
1626172,Kevon Looney,1610612740,0,3,44.3092936442403,3,2026,44,206
203932,Aaron Gordon,1610612743,0,2,44.29507795249096,2,2026,44,207
1628963,Marvin Bagley III,1610612742,0,2,44.129491952322155,2,2026,44,208
1631342,Daeqwon Plowden,1610612758,0,2,43.907227668770986,2,2026,44,209
1630558,Davion Mitchell,1610612748,0,2,43.77483366368443,2,2026,44,210
1630551,Justin Champagnie,1610612764,0,2,43.643819072261905,2,2026,44,211
1642504,Cormac Ryan,1610612749,0,2,43.50164833320075,2,2026,44,212
1629646,Charles Bassey,1610612744,0,3,43.43890054488904,3,2026,44,213
1629673,Jordan Poole,1610612740,0,3,43.42615731330118,3,2026,44,214
1630577,Julian Champagnie,1610612759,0,2,43.175282448678246,2,2026,44,215
1629640,Keldon Johnson,1610612759,0,2,43.10522374900876,2,2026,44,216
1630170,Devin Vassell,1610612759,0,2,43.09032152778691,2,2026,44,217
1642914,Javon Small,1610612763,0,2,42.98540621510471,2,2026,44,218
1641731,Bilal Coulibaly,1610612764,0,2,42.804079726144494,2,2026,44,219
1631212,Peyton Watson,1610612743,0,2,42.79553996401249,2,2026,44,220
1642920,Kobe Sanders,1610612746,0,3,42.505889737238284,3,2026,44,221
1641854,Craig Porter Jr.,1610612739,0,3,42.49768397695769,3,2026,44,222
1628969,Mikal Bridges,1610612752,0,2,42.433254221726166,2,2026,44,223
1628989,Kevin Huerter,1610612765,0,2,42.27445109887075,2,2026,44,224
203471,Dennis Schröder,1610612739,0,3,42.19688986491776,3,2026,44,225
1629130,Duncan Robinson,1610612765,0,2,42.16123762724012,2,2026,44,226
1642267,Bub Carrington,1610612764,0,2,42.09291748993766,2,2026,44,227
1642277,Johnny Furphy,1610612754,0,3,41.98857076660798,3,2026,44,228
1630314,Brandon Williams,1610612742,0,2,41.91688554444124,2,2026,44,229
1642948,Ryan Nembhard,1610612742,0,2,41.9005154213462,2,2026,44,230
1630188,Jalen Smith,1610612741,0,2,41.83185102277308,2,2026,44,231
1641750,Ryan Kalkbrenner,1610612766,0,3,41.83135877320615,3,2026,44,232
1629656,Quentin Grimes,1610612755,0,3,41.750463274424234,3,2026,44,233
1631169,Josh Minott,1610612751,0,2,41.66047773625915,2,2026,44,234
1631288,Jamal Cain,1610612753,0,3,41.5167041735769,3,2026,44,235
1642380,Adama Bal,1610612763,0,2,41.393209441810654,2,2026,44,236
1643158,Andersson Garcia,1610612762,0,2,41.33473685077526,2,2026,44,237
1642907,Cedric Coward,1610612763,0,2,41.31488316250416,2,2026,44,238
1629731,Dean Wade,1610612739,0,3,41.11403459769217,3,2026,44,239
1642285,Cam Spencer,1610612763,0,2,40.85977933446922,2,2026,44,240
1629655,Daniel Gafford,1610612742,0,2,40.810729190644736,2,2026,44,241
1631250,Pete Nance,1610612749,0,2,40.573707497786486,2,2026,44,242
1642259,Alex Sarr,1610612764,0,2,40.44704513260083,2,2026,44,243
1642879,Ben Saraf,1610612751,0,2,40.07119583975252,2,2026,44,244
1642928,Dylan Cardwell,1610612758,0,2,39.938265941323024,2,2026,44,245
1642383,Walter Clayton Jr.,1610612763,0,2,39.77928847323103,2,2026,44,246
1641869,Malachi Smith,1610612751,0,2,39.74615779002056,2,2026,44,247
201599,DeAndre Jordan,1610612740,0,3,39.6785952223907,3,2026,44,248
1631351,Lucas Williamson,1610612763,0,2,39.66310618907151,2,2026,44,249
1626167,Myles Turner,1610612749,0,2,39.62768633849026,2,2026,44,250
1627824,Guerschon Yabusele,1610612741,0,2,39.46576803383546,2,2026,44,251
1630171,Isaac Okoro,1610612741,0,2,39.311145951858954,2,2026,44,252
1641778,Leaky Black,1610612764,0,2,39.23870362138058,2,2026,44,253
1641767,Ben Sheppard,1610612754,0,3,39.174346943659515,3,2026,44,254
1641710,Anthony Black,1610612753,0,3,39.05586749013588,3,2026,44,255
1630208,Nick Richards,1610612741,0,2,39.04320146860018,2,2026,44,256
1631108,Max Christie,1610612742,0,2,39.036058861776816,2,2026,44,257
1629011,Mitchell Robinson,1610612752,0,2,38.86553341635741,2,2026,44,258
1642364,Jamir Watkins,1610612764,0,2,38.47166752529664,2,2026,44,259
1631097,Bennedict Mathurin,1610612746,0,3,38.43770423368153,3,2026,44,260
1628971,Bruce Brown,1610612743,0,2,38.03518440433593,2,2026,44,261
1626164,Devin Booker,1610612756,0,1,37.97036291703996,1,2026,44,262
1629632,Coby White,1610612766,0,3,37.753651255172755,3,2026,44,263
1642849,Nolan Traore,1610612751,0,2,37.7167715508735,2,2026,44,264
1630286,Trevon Scott,1610612751,0,2,37.68741997532252,2,2026,44,265
1641790,PJ Hall,1610612766,0,3,37.464641761173894,3,2026,44,266
1642942,Jahmai Mashack,1610612763,0,2,37.27830064580156,2,2026,44,267
1630604,E.J. Liddell,1610612751,0,2,36.98918269933736,2,2026,44,268
1630533,Ziaire Williams,1610612751,0,2,36.92385488371868,2,2026,44,269
1641727,Dariq Whitehead,1610612763,0,2,36.8557579892892,2,2026,44,270
1642874,Danny Wolf,1610612751,0,2,36.68420860845614,2,2026,44,271
1630590,Scotty Pippen Jr.,1610612763,0,2,36.501869339040184,2,2026,44,272
1629651,Nic Claxton,1610612751,0,2,36.20389367158468,2,2026,44,273
1628975,Jevon Carter,1610612753,0,3,36.20145740889187,3,2026,44,274
1629684,Grant Williams,1610612766,0,3,36.028861709191794,3,2026,44,275
1626166,Cameron Payne,1610612755,0,3,36.0120730190752,3,2026,44,276
1628418,Thomas Bryant,1610612739,0,3,35.73833886183089,3,2026,44,277
1631101,Shaedon Sharpe,1610612757,0,2,35.585056104746435,2,2026,44,278
1630549,Day'Ron Sharpe,1610612751,0,2,35.564603145267064,2,2026,44,279
1641707,Taylor Hendricks,1610612763,0,2,35.56016424435528,2,2026,44,280
1630610,DeJon Jarreau,1610612763,0,2,35.51998796147674,2,2026,44,281
1641717,Cason Wallace,1610612760,0,2,35.39532604076051,2,2026,44,282
1642877,Micah Peavy,1610612740,0,3,35.232714687313795,3,2026,44,283
1630194,Paul Reed,1610612765,0,2,35.221259640734736,2,2026,44,284
1631174,Tyler Burton,1610612763,0,2,34.67649424360495,2,2026,44,285
201144,Mike Conley,1610612750,0,3,34.62279545539572,3,2026,44,286
1631466,Nate Williams,1610612744,0,3,34.57951759335501,3,2026,44,287
1630619,Moussa Cisse,1610612742,0,2,34.578571784551926,2,2026,44,288
1628436,Luke Kornet,1610612759,0,2,34.51195730865633,2,2026,44,289
1630623,Tyson Etienne,1610612751,0,2,33.78270671393122,2,2026,44,290
1642962,Drake Powell,1610612751,0,2,33.74059845816369,2,2026,44,291
1630172,Patrick Williams,1610612741,0,2,33.56645566274322,2,2026,44,292
1628370,Malik Monk,1610612758,0,2,33.49231367588628,2,2026,44,293
1643007,Taelon Peter,1610612754,0,3,33.47656406298006,3,2026,44,294
1642856,Egor Dëmin,1610612751,0,2,33.332360828933076,2,2026,44,295
1642880,Kam Jones,1610612754,0,3,33.112048480133126,3,2026,44,296
1629020,Jarred Vanderbilt,1610612747,0,3,33.00883127829472,3,2026,44,297
1642883,Sion James,1610612766,0,3,32.8374641036438,3,2026,44,298
1631243,Mouhamed Gueye,1610612737,0,3,32.805205361175965,3,2026,44,299
1642258,Zaccharie Risacher,1610612737,0,3,32.794941280644984,3,2026,44,300
1630545,Terrence Shannon Jr,1610612750,0,3,32.78190673566276,3,2026,44,301
1631093,Jaden Ivey,1610612741,0,2,32.751575414792676,2,2026,44,302
1628392,Isaiah Hartenstein,1610612760,0,2,32.68794203815381,2,2026,44,303
1641740,Jaylen Clark,1610612750,0,3,32.63028954989,3,2026,44,304
1629680,Matisse Thybulle,1610612757,0,2,32.540141430458014,2,2026,44,305
1642377,Jaylen Wells,1610612763,0,2,32.51916171398164,2,2026,44,306
1629750,Javonte Green,1610612765,0,2,32.439874645668375,2,2026,44,307
1628380,Zach Collins,1610612741,0,2,32.314743497109944,2,2026,44,308
1641737,Adem Bona,1610612755,0,3,32.28576682114367,3,2026,44,309
1641730,Noah Clowney,1610612751,0,2,32.11285846367907,2,2026,44,310
1629057,Robert Williams III,1610612757,0,2,31.94763242143725,2,2026,44,311
1626181,Norman Powell,1610612748,0,2,31.767197577788707,2,2026,44,312
1630592,Jalen Wilson,1610612751,0,2,31.713575297513778,2,2026,44,313
1642955,Kadary Richmond,1610612764,0,2,31.522429587911205,2,2026,44,314
1641765,Olivier-Maxence Prosper,1610612763,0,2,31.48371962382337,2,2026,44,315
1643253,Toby Okani,1610612763,0,2,31.28960960245393,2,2026,44,316
1630573,Sam Hauser,1610612738,0,2,31.219228933128903,2,2026,44,317
1643018,LJ Cryer,1610612744,0,3,31.161852941706453,3,2026,44,318
203078,Bradley Beal,1610612746,0,3,31.150516830613324,3,2026,44,319
1643052,Chaney Johnson,1610612751,0,2,31.140442354277127,2,2026,44,320
1642396,Blake Hinson,1610612762,0,2,31.103017097934263,2,2026,44,321
1641774,Tristan Vukcevic,1610612764,0,2,31.023916913767437,2,2026,44,322
1642349,Ajay Mitchell,1610612760,0,2,30.786952571966037,2,2026,44,323
1630702,Jaden Hardy,1610612764,0,2,30.435289116466883,2,2026,44,324
1630568,Luka Garza,1610612738,0,2,30.33464733395873,2,2026,44,325
1630224,Jalen Green,1610612756,0,1,30.320304020419563,1,2026,44,326
1628366,Lonzo Ball,1610612739,0,3,30.316095518205493,3,2026,44,327
1642265,Rob Dillingham,1610612741,0,2,30.168183982283473,2,2026,44,328
202696,Nikola Vučević,1610612738,0,2,30.105515204699113,2,2026,44,329
1642502,Malevy Leons,1610612744,0,3,30.037571691621235,3,2026,44,330
1641842,Ronald Holland II,1610612765,0,2,29.938827675486205,2,2026,44,331
1630536,Sharife Cooper,1610612764,0,2,29.785685599760654,2,2026,44,332
203484,Kentavious Caldwell-Pope,1610612763,0,2,29.777328472480164,2,2026,44,333
1627747,Caris LeVert,1610612765,0,2,29.65643381457707,2,2026,44,334
1642276,Kel'el Ware,1610612748,0,2,29.568559065227223,2,2026,44,335
203501,Tim Hardaway Jr.,1610612743,0,2,29.54811323300484,2,2026,44,336
1629652,Luguentz Dort,1610612760,0,2,29.369466248636567,2,2026,44,337
1629631,De'Andre Hunter,1610612758,0,2,29.25800555138579,2,2026,44,338
1641726,Dereck Lively II,1610612742,0,2,29.171389920809204,2,2026,44,339
1629018,Gary Trent Jr.,1610612749,0,2,29.155107898184717,2,2026,44,340
1629004,Svi Mykhailiuk,1610612762,0,2,28.90755888593094,2,2026,44,341
1642848,Tre Johnson,1610612764,0,2,28.892639726197192,2,2026,44,342
1628998,Cody Martin,1610612754,0,3,28.800586447115357,3,2026,44,343
203939,Dwight Powell,1610612742,0,2,28.579856394257405,2,2026,44,344
1631248,Baylor Scheierman,1610612738,0,2,28.023696061703387,2,2026,44,345
1630631,Jose Alvarado,1610612752,0,2,28.003442404420987,2,2026,44,346
202691,Klay Thompson,1610612742,0,2,27.88777450803128,2,2026,44,347
1642273,Kyshawn George,1610612764,0,2,27.885213103752097,2,2026,44,348
202685,Jonas Valanciunas,1610612743,0,2,27.487044484977176,2,2026,44,349
1641715,Cam Whitmore,1610612764,0,2,27.13529771090324,2,2026,44,350
1631246,Vince Williams Jr.,1610612762,0,2,27.074914447825563,2,2026,44,351
1641772,Nae'Qwan Tomlin,1610612739,0,3,27.02992326755748,3,2026,44,352
1629611,Terance Mann,1610612751,0,2,27.005355091897847,2,2026,44,353
1642355,Bronny James,1610612747,0,3,26.78927967235477,3,2026,44,354
1631119,Jaylin Williams,1610612760,0,2,26.73027372936284,2,2026,44,355
201567,Kevin Love,1610612762,0,2,26.50645044905366,2,2026,44,356
1642950,Lachlan Olbrich,1610612741,0,2,26.31005182269571,2,2026,44,357
1630191,Isaiah Stewart,1610612765,0,2,26.257322475602972,2,2026,44,358
1642933,Keshon Gilbert,1610612737,0,3,26.254387008055147,3,2026,44,359
1642461,Spencer Jones,1610612743,0,2,25.83963957134448,2,2026,44,360
1629006,Josh Okogie,1610612745,0,3,25.802144541010136,3,2026,44,361
1631200,Kris Murray,1610612757,0,2,25.735649091412192,2,2026,44,362
1627746,Skal Labissiere,1610612764,0,2,25.735220561525548,2,2026,44,363
1642967,John Poulakidas,1610612742,0,2,25.71785520444486,2,2026,44,364
203084,Harrison Barnes,1610612759,0,2,25.58056942209363,2,2026,44,365
1630570,Trendon Watford,1610612755,0,3,25.43323791859287,3,2026,44,366
1642275,Tidjane Salaün,1610612766,0,3,25.30224401429093,3,2026,44,367
1642857,Kasparas Jakučionis,1610612748,0,2,24.964083324417604,2,2026,44,368
1641775,Jordan Walsh,1610612738,0,2,24.71776018717917,2,2026,44,369
1628988,Aaron Holiday,1610612745,0,3,24.491413740937357,3,2026,44,370
1630540,Miles McBride,1610612752,0,2,24.425763923408077,2,2026,44,371
1630165,Killian Hayes,1610612758,0,2,24.42101376960337,2,2026,44,372
1642866,Joan Beringer,1610612750,0,3,24.227074626359993,3,2026,44,373
1643133,Lawson Lovering,1610612763,0,2,23.71459840928335,2,2026,44,374
1631207,Dalen Terry,1610612755,0,3,22.921506018467195,3,2026,44,375
1641761,Grant Nelson,1610612751,0,2,22.679991110102883,2,2026,44,376
1631124,Julian Strawther,1610612743,0,2,22.55505326596759,2,2026,44,377
1630198,Isaiah Joe,1610612760,0,2,22.42379862777851,2,2026,44,378
203552,Seth Curry,1610612744,0,3,22.38848807081363,3,2026,44,379
1630534,Ochai Agbaji,1610612751,0,2,22.148758569436964,2,2026,44,380
1642878,Tyrese Proctor,1610612739,0,3,22.0503262135002,3,2026,44,381
1628415,Dillon Brooks,1610612756,0,1,21.687278651152997,1,2026,44,382
1642868,Carter Bryant,1610612759,0,2,21.540312891625906,2,2026,44,383
1642382,Branden Carlson,1610612760,0,2,21.512234527797577,2,2026,44,384
203114,Khris Middleton,1610612742,0,2,21.3360310801321,2,2026,44,385
1641724,Jett Howard,1610612753,0,3,20.99211778788077,3,2026,44,386
1629234,Drew Eubanks,1610612758,0,2,20.746928065616615,2,2026,44,387
101108,Chris Paul,1610612746,0,3,20.736592088118257,3,2026,44,388
203991,Clint Capela,1610612745,0,3,20.621967582749967,3,2026,44,389
1628997,Caleb Martin,1610612742,0,2,20.491156049656176,2,2026,44,390
1631109,Mark Williams,1610612756,0,1,20.39903834153492,1,2026,44,391
1642345,Oso Ighodaro,1610612756,0,1,20.393111875502587,1,2026,44,392
1629216,Gabe Vincent,1610612737,0,3,20.311413804531163,3,2026,44,393
1630249,Vít Krejčí,1610612757,0,2,20.140540179061,2,2026,44,394
1626204,Larry Nance Jr.,1610612739,0,3,20.100715858563316,3,2026,44,395
203926,Doug McDermott,1610612758,0,2,20.022698977511983,2,2026,44,396
1630598,Aaron Wiggins,1610612760,0,2,19.45477025936436,2,2026,44,397
1630692,Jordan Goodwin,1610612756,0,1,19.34058419211489,1,2026,44,398
1631338,Mouhamadou Gueye,1610612741,0,2,19.27793198430853,2,2026,44,399
1630164,James Wiseman,1610612754,0,3,19.183850340127087,3,2026,44,400
1626156,D'Angelo Russell,1610612742,0,2,19.13728743199019,2,2026,44,401
1628960,Grayson Allen,1610612756,0,1,19.020920467821902,1,2026,44,402
1631166,Drew Timme,1610612747,0,3,18.969662727633853,3,2026,44,403
1627936,Alex Caruso,1610612760,0,2,18.749805699653496,2,2026,44,404
1629610,DaQuan Jeffries,1610612758,0,2,18.69095591905137,2,2026,44,405
1629013,Landry Shamet,1610612752,0,2,18.56547142550484,2,2026,44,406
1630557,Corey Kispert,1610612737,0,3,18.504601507170054,3,2026,44,407
1631323,Simone Fontecchio,1610612748,0,2,18.436912511782573,2,2026,44,408
1642954,Will Richard,1610612744,0,3,18.367399935835294,3,2026,44,409
1627827,Dorian Finney-Smith,1610612745,0,3,18.221051013278064,3,2026,44,410
203903,Jordan Clarkson,1610612752,0,2,18.215407213214437,2,2026,44,411
1630639,A.J. Lawson,1610612761,0,3,17.446031934122445,3,2026,44,412
1631221,Collin Gillespie,1610612756,0,1,17.31836534442657,1,2026,44,413
1642352,Keshad Johnson,1610612748,0,2,17.00960438312903,2,2026,44,414
1629634,Brandon Clarke,1610612763,0,2,16.579146185005037,2,2026,44,415
1642260,Nikola Topić,1610612760,0,2,15.932624388078768,2,2026,44,416
1641815,Isaiah Stevens,1610612758,0,2,15.651463998461525,2,2026,44,417
1629726,Garrison Mathews,1610612754,0,3,15.445748410289262,3,2026,44,418
203992,Bogdan Bogdanović,1610612746,0,3,15.294415081397483,3,2026,44,419
1631223,David Roddy,1610612743,0,2,15.093263865951046,2,2026,44,420
1630560,Cam Thomas,1610612749,0,2,15.022107307604193,2,2026,44,421
1629026,Kenrich Williams,1610612760,0,2,14.923642281682868,2,2026,44,422
1641748,Andre Jackson Jr.,1610612749,0,2,14.819301899402566,2,2026,44,423
201569,Eric Gordon,1610612755,0,3,14.710160885500365,3,2026,44,424
1642348,Justin Edwards,1610612755,0,3,14.657034062359152,3,2026,44,425
1630256,Jae'Sean Tate,1610612745,0,3,14.632274689877558,3,2026,44,426
1626220,Royce O'Neale,1610612756,0,1,14.50868909277432,1,2026,44,427
1630175,Cole Anthony,1610612749,0,2,14.265035349692782,2,2026,44,428
1628371,Jonathan Isaac,1610612753,0,3,14.210661281071268,3,2026,44,429
1642272,Jared McCain,1610612760,0,2,14.03031521686336,2,2026,44,430
1630526,Jeremiah Robinson-Earl,1610612742,0,2,13.856575954325333,2,2026,44,431
1641725,Trey Alexander,1610612740,0,3,13.65421439670716,3,2026,44,432
1628467,Maxi Kleber,1610612747,0,3,13.486092171992164,3,2026,44,433
1631116,Patrick Baldwin Jr.,1610612758,0,2,13.17674042312185,2,2026,44,434
1628449,Chris Boucher,1610612738,0,2,12.876430161991973,2,2026,44,435
1631247,Luke Travers,1610612739,0,3,12.860396503728392,3,2026,44,436
1630644,Mac McClung,1610612741,0,2,12.833860264563697,2,2026,44,437
1631120,JD Davison,1610612745,0,3,12.82843445017512,3,2026,44,438
1641733,Nick Smith Jr.,1610612747,0,3,12.811177508906953,3,2026,44,439
1642530,Yuki Kawamura,1610612741,0,2,12.642220683372926,2,2026,44,440
1642346,Ryan Dunn,1610612756,0,1,12.517500693135725,1,2026,44,441
1630699,MarJon Beauchamp,1610612755,0,3,12.14665727594077,3,2026,44,442
1642367,Jonathan Mogbo,1610612761,0,3,12.015888263419413,3,2026,44,443
1628396,Tony Bradley,1610612737,0,3,11.465674681866416,3,2026,44,444
1642862,Liam McNeeley,1610612766,0,3,11.392219596107108,3,2026,44,445
1641711,Gradey Dick,1610612761,0,3,11.283429229365677,3,2026,44,446
1642449,Tolu Smith,1610612765,0,2,11.230299701853667,2,2026,44,447
203914,Gary Harris,1610612749,0,2,11.179794818473765,2,2026,44,448
1642964,Brooks Barnhizer,1610612760,0,2,11.03780743755282,2,2026,44,449
1628420,Monte Morris,1610612754,0,3,11.025388066684044,3,2026,44,450
1642911,Rocco Zikarsky,1610612750,0,3,10.896400952738292,3,2026,44,451
1642400,Tristan Enaruna,1610612739,0,3,10.695352734535522,3,2026,44,452
1629021,Moritz Wagner,1610612753,0,3,10.634944744908651,3,2026,44,453
1642419,Jamison Battle,1610612761,0,3,10.633936878640885,3,2026,44,454
1641890,Tyler Smith,1610612742,0,2,10.625187429217153,2,2026,44,455
1631132,Christian Koloko,1610612737,0,3,10.472212630926627,3,2026,44,456
1642863,Khaman Maluach,1610612756,0,1,10.41937233928303,1,2026,44,457
1630214,Xavier Tillman,1610612766,0,3,10.412380289139348,3,2026,44,458
1628964,Mo Bamba,1610612762,0,2,10.09708297442128,2,2026,44,459
1631133,Jabari Walker,1610612755,0,3,10.08076201431716,3,2026,44,460
1642876,Adou Thiero,1610612747,0,3,9.980039419750238,3,2026,44,461
1629312,Haywood Highsmith,1610612756,0,1,9.81241868495703,1,2026,44,462
1641871,Duop Reath,1610612757,0,2,9.75590518740034,2,2026,44,463
200768,Kyle Lowry,1610612755,0,3,9.666535183034716,3,2026,44,464
1641753,Chris Livingston,1610612739,0,3,9.593832742793238,3,2026,44,465
1627741,Buddy Hield,1610612737,0,3,9.586368238312668,3,2026,44,466
1631103,Malaki Branham,1610612764,0,2,9.579335253750752,2,2026,44,467
1631213,Tyrese Martin,1610612755,0,3,9.503107373152108,3,2026,44,468
1643024,Chris Mañon,1610612747,0,3,9.380006854517925,3,2026,44,469
1630192,Zeke Nnaji,1610612743,0,2,9.293765309364698,2,2026,44,470
1642353,Cam Christie,1610612746,0,3,9.16892357162601,3,2026,44,471
201587,Nicolas Batum,1610612746,0,3,9.11036674363192,3,2026,44,472
1642434,Riley Minix,1610612739,0,3,9.109528271374762,3,2026,44,473
1642384,Isaiah Crawford,1610612745,0,3,9.01917738656865,3,2026,44,474
1629618,Jalen Pickett,1610612743,0,2,8.906021116692557,2,2026,44,475
1641810,Antonio Reeves,1610612766,0,3,8.900116064198146,3,2026,44,476
1641803,Tristen Newton,1610612745,0,3,8.741224295489335,3,2026,44,477
1630696,Dru Smith,1610612748,0,2,8.738211070362821,2,2026,44,478
1641807,Norchad Omier,1610612746,0,3,8.689894516066357,3,2026,44,479
204060,Joe Ingles,1610612750,0,3,8.642737169549896,3,2026,44,480
1642859,Jase Richardson,1610612753,0,3,8.560152922664951,3,2026,44,481
1642854,Asa Newell,1610612737,0,3,8.499293030560384,3,2026,44,482
1642869,Noah Penda,1610612753,0,3,8.473031097386006,3,2026,44,483
1631115,Orlando Robinson,1610612753,0,3,8.427127175896693,3,2026,44,484
1642368,N'Faly Dante,1610612737,0,3,8.423383013714663,3,2026,44,485
1642939,Miles Kelly,1610612742,0,2,8.377340337432587,2,2026,44,486
1630574,Ariel Hukporti,1610612752,0,2,8.321241527808391,2,2026,44,487
201145,Jeff Green,1610612745,0,3,8.286724922424334,3,2026,44,488
1626192,Pat Connaughton,1610612766,0,3,8.178507827771268,3,2026,44,489
1630209,Omer Yurtseven,1610612744,0,3,8.162068891693316,3,2026,44,490
1630548,Johnny Juzang,1610612750,0,3,8.101209901501317,3,2026,44,491
1642853,Rasheer Fleming,1610612756,0,1,8.08236323021457,1,2026,44,492
203486,Mason Plumlee,1610612759,0,2,8.047814853456051,2,2026,44,493
1643257,Jayson Kent,1610612757,0,2,7.993049245629807,2,2026,44,494
1630846,Olivier Sarr,1610612739,0,3,7.892519697006152,3,2026,44,495
1642358,AJ Johnson,1610612742,0,2,7.870203704874719,2,2026,44,496
1631216,Caleb Houstan,1610612737,0,3,7.8319951445691345,3,2026,44,497
1628365,Markelle Fultz,1610612761,0,3,7.825555898138751,3,2026,44,498
1631111,Wendell Moore Jr.,1610612765,0,2,7.740176525655543,2,2026,44,499
1631199,Ron Harper Jr.,1610612738,0,2,7.708135818420696,2,2026,44,500
1631210,Jacob Toppin,1610612737,0,3,7.707599271169792,3,2026,44,501
1642959,Chris Youngblood,1610612757,0,2,7.652402137169615,2,2026,44,502
1629162,Jordan McLaughlin,1610612759,0,2,7.528405091480109,2,2026,44,503
1642362,Payton Sandfort,1610612760,0,2,7.502373856373973,2,2026,44,504
1631126,Caleb Love,1610612757,0,2,7.445581643705205,2,2026,44,505
1631457,Alex Morales,1610612753,0,3,7.410647390690951,3,2026,44,506
1631204,Marcus Sasser,1610612765,0,2,7.385466638866419,2,2026,44,507
201959,Taj Gibson,1610612763,0,2,7.311805239736666,2,2026,44,508
1642261,Dalton Knecht,1610612747,0,3,7.159588413024364,3,2026,44,509
1631218,Trayce Jackson-Davis,1610612761,0,3,7.1571053541367515,3,2026,44,510
1631107,Nikola Jović,1610612748,0,2,7.117234554795567,2,2026,44,511
203967,Dario Saric,1610612758,0,2,7.094868588507822,2,2026,44,512
1641816,Hunter Tyson,1610612743,0,2,7.077394088606953,2,2026,44,513
1641747,DaRon Holmes II,1610612743,0,2,6.951894417777046,2,2026,44,514
1631110,Jeremy Sochan,1610612752,0,2,6.860373546750239,2,2026,44,515
1642951,Sean Pedulla,1610612746,0,3,6.7943610356737905,3,2026,44,516
1641723,Kobe Bufkin,1610612747,0,3,6.735669832060123,3,2026,44,517
1642885,Mohamed Diawara,1610612752,0,2,6.687366907118351,2,2026,44,518
1630811,Keaton Wallace,1610612737,0,3,6.5675922907759166,3,2026,44,519
1626145,Tyus Jones,1610612743,0,2,6.477611626642982,2,2026,44,520
1641763,Julian Phillips,1610612750,0,3,6.442262779203706,3,2026,44,521
1641809,Drew Peterson,1610612766,0,3,6.434552940138389,3,2026,44,522
1642938,Curtis Jones,1610612743,0,2,6.320943489880731,2,2026,44,523
1642873,Amari Williams,1610612738,0,2,6.187523745951314,2,2026,44,524
1630544,Tre Mann,1610612766,0,3,6.133565087533386,3,2026,44,525
1631321,Sidy Cissoko,1610612757,0,2,6.0978206204742875,2,2026,44,526
1642905,Yang Hansen,1610612757,0,2,5.984366967017667,2,2026,44,527
1642918,Alijah Martin,1610612761,0,3,5.890854273692333,3,2026,44,528
1630322,Lindy Waters III,1610612759,0,2,5.836090880019196,2,2026,44,529
1630182,Josh Green,1610612766,0,3,5.833986858842609,3,2026,44,530
203482,Kelly Olynyk,1610612759,0,2,5.7963569167398585,2,2026,44,531
1641780,Johni Broome,1610612755,0,3,5.672671674118172,3,2026,44,532
1641801,Emanuel Miller,1610612741,0,2,5.55219839213537,2,2026,44,533
1642468,Darius Brown II,1610612739,0,3,5.427251717991873,3,2026,44,534
1642404,Chaz Lanier,1610612765,0,2,5.3852037366509915,2,2026,44,535
1642357,David Jones Garcia,1610612759,0,2,5.364039749709094,2,2026,44,536
1642354,KJ Simpson,1610612743,0,2,5.356834088269501,2,2026,44,537
1642066,Myron Gardner,1610612748,0,2,5.157788322711541,2,2026,44,538
1642864,Hugo González,1610612738,0,2,4.893157233489417,2,2026,44,539
1631104,Blake Wesley,1610612757,0,2,4.793060709278515,2,2026,44,540
1631102,TyTy Washington Jr.,1610612746,0,3,4.782879515474402,3,2026,44,541
1630621,Hunter Dickinson,1610612740,0,3,4.766623577508664,3,2026,44,542
1643060,Hayden Gray,1610612762,0,2,4.663805910194222,2,2026,44,543
202687,Bismack Biyombo,1610612759,0,2,4.600868965117269,2,2026,44,544
1642484,RayJ Dennis,1610612737,0,3,4.5596372140887045,3,2026,44,545
1641732,Colby Jones,1610612765,0,2,4.523154233354106,2,2026,44,546
1642278,Tyler Kolek,1610612752,0,2,4.50459001302122,2,2026,44,547
1630658,Colin Castleton,1610612753,0,3,4.411982167873108,3,2026,44,548
1642935,Chucky Hepburn,1610612761,0,3,4.234551340432588,3,2026,44,549
1643141,Jahmyl Telfort,1610612746,0,3,4.201565331382509,3,2026,44,550
1629599,Amir Coffey,1610612756,0,1,4.124867312652906,1,2026,44,551
1641752,Bobi Klintman,1610612765,0,2,4.113870766607344,2,2026,44,552
1630625,Dalano Banton,1610612738,0,2,4.079163654332523,2,2026,44,553
1631127,Harrison Ingram,1610612759,0,2,4.020852870555059,2,2026,44,554
1641787,Tosan Evbuomwan,1610612752,0,2,3.568886163521143,2,2026,44,555
202066,Garrett Temple,1610612761,0,3,3.5625251600734806,3,2026,44,556
1642359,Pacôme Dadiet,1610612752,0,2,3.471967970172675,2,2026,44,557
1641813,Mark Sears,1610612749,0,2,3.4253225058058656,2,2026,44,558
1631205,Buddy Boeheim,1610612760,0,2,3.3868963356852015,2,2026,44,559
1641998,Trey Jemison III,1610612752,0,2,3.328353287351458,2,2026,44,560
1642402,Enrique Freeman,1610612750,0,3,3.2929005425079767,3,2026,44,561
1642917,Max Shulga,1610612738,0,2,3.1331389985245104,2,2026,44,562
1631123,Jamaree Bouyea,1610612756,0,1,3.0968528820498835,1,2026,44,563
1642884,Vladislav Goldin,1610612748,0,2,3.048067262213693,2,2026,44,564
1642855,Noa Essengue,1610612741,0,2,2.98818205632151,2,2026,44,565
1642403,Isaac Jones,1610612765,0,2,2.9708761508112844,2,2026,44,566
1642443,Jahmir Young,1610612748,0,2,2.916695694085427,2,2026,44,567
1641755,Kevin McCullar Jr.,1610612752,0,2,2.84558126368859,2,2026,44,568
1642389,Zyon Pullin,1610612750,0,3,2.8206672593206137,3,2026,44,569
1642282,Hunter Sallis,1610612755,0,3,2.7953508190532377,3,2026,44,570
1641794,Dillon Jones,1610612752,0,2,2.7113338636234694,2,2026,44,571
203648,Thanasis Antetokounmpo,1610612749,0,2,2.697412217181407,2,2026,44,572
1630828,Alex Antetokounmpo,1610612749,0,2,2.6094960238123193,2,2026,44,573
1628502,Nigel Hayes-Davis,1610612756,0,1,2.036962489816923,1,2026,44,574
1631451,Javonte Cooke,1610612757,0,2,1.9468020067222116,2,2026,44,575
1630587,Isaiah Livers,1610612756,0,1,1.897128882749496,1,2026,44,576
1642886,Koby Brea,1610612756,0,1,1.4483807928887278,1,2026,44,577
1642910,John Tonje,1610612738,0,2,1.3672991875126206,2,2026,44,578
1643047,CJ Huntley,1610612756,0,1,0.8877670065762447,1,2026,44,579
1631211,Trevor Keels,1610612748,0,2,0.749697512543464,2,2026,44,580
1642280,Trentyn Flowers,1610612741,0,2,0.6958564789168689,2,2026,44,581
1630649,Stanley Umude,1610612759,0,2,0.3036459146694539,2,2026,44,582
